English Term;Dzongkha Term;Dzongkha Explanation
abalienation;འཆོལ་ལྫོ་སྫོ་ལྫོ།;སེམས་ཏན་ཏན་མེད་འགྱོ་བ།
abarticulation;ཚིགས་དཀྲུག་པ།;རྐངམ་དང་ལག་པའི་ཚིགས་དཀྲུག་ི།
abdomen;ཕྫོཝ།;རྒྱུ་མ་ནང་ཁྲོལ་སྫོགས་གནས་སའི་གཟུགས་ཀྱི་ཡན་ལག
abnormal;རྐྱེན་ཅན།;གཟུགས་ཀྱི་ཡན་ལག་དང་དབང་པྫོ་གང་རུང་མ་ཚང་བ་ཡངན་
Abnormal;རྐྱེན་ཅན།;གཟུགས་ཀྱི་ཡན་ལག་དང་དབང་པྫོ་གང་རུང་མ་ཚང་བ་ཡངན་སྐྱོན་ཕྫོག་ཡྫོད་པ།
abo system;ཁྲག་སྡེ་དབྱེ་རིམ།;ཁྲག་གི་དབྱེ་བ་ཕྱེ་ཐངས་ཀྱི་རིམ་ལུགས།   དཔེར་ན།   ཁྲག་སྡེ་
ABO System;ཁྲག་སྡེ་དབྱེ་རིམ།;ཁྲག་གི་དབྱེ་བ་ཕྱེ་ཐངས་ཀྱི་རིམ་ལུགས། དཔེར་ན། ཁྲག་སྡེ་A, B, O དང་AB ཨིན་མས་སྫོགས།
Abort;ཨ་ལུ་མངལ་ལས་བཏན་ྫོ;བུ་ཚང་ནང་བུ་སྫོན་ཆགས་ཞིནམ་ལས་ ཨ་ལུའི་ཚད་གཞི་མ་གཏང་ི། ཚང་བའི་ཧེ་མ་ལས་ སན་དང་གཤག་བཅོས་གང་རུང་གི་ཐྫོག་ལས།
abortion;མངལ་བཤལ།;སན་དང་གཤག་བཅོས་གང་རུང་གི་ཐྫོག་ལས་   ཨ་ལུ་ཕྫོཝ་ནང་
Abortion;མངལ་བཤལ།;སན་དང་གཤག་བཅོས་གང་རུང་གི་ཐྫོག་ལས། ཨ་ལུ་ཕྫོཝ་ནང་ཆགས་སྟེ་ བདུན་ཕག་༢༠ ཡངན་ཉིན་གྲངས་༡༣༩འི་ནང་འཁོད།
Abortionist;མངལ་བཤལ་མི།;ཁྲིམས་དང་མ་མཐུན་པར་སན་དང་གཤག་བཅོས་ཀྱི་ཐྫོག་ལས་ཨ་ལུ་མངལ་ལས་བཏྫོན་གཏང་མི།
Acapnia;དབུགས་རླངས་ཉུང་བ།;ཁྲག་ནང་ལུ་ཕྱི་ཁར་བཏང་བའི་དབུགས་རླངས་ཀཱར་བྫོན་ཌའི་ཨོག་སའི་ཌི་ཀྱི་ཚད་ཉུང་བ།
ache;ཟུག  ན་ཟུག;མགོ་ཏྫོག་གི་ན་ཟུག་བཟུམ།  ཟུག་རྐྱབ་པའི་དྫོན།
Ache;ན་ཟུག།;མགོ་ཏྫོག་གི་ན་ཟུག་བཟུམ། ཟུག་རྐྱབ་པའི་དྫོན།
Acne;དང་བྱེམ།;གདྫོང་ཁར་ལུ་བོྫོ་བལ་ཆུ་འབུར་བཟུམ་སྦེ་ཐྫོན་པའི་པགས་ནད་གག།
Aconite;བཙན་དུག།;བཙན་དུག་འདི་སྫོད་མ་སས་པ་ཅན་ ཤི་ིའི་ཉེན་ཁ་ཡྫོདཔ་ སན་གྱི་རྟ་འབད་ཡང་འགྱོཝ་ཨིན།
acronyx;སེན་མྫོ་ཤ་འཛུལ།;ལགཔ་དང་རྐང་མའི་སེན་མྫོ་  ཤ་ནང་འཛུལ་ཏེ་སྐྱེས་མི།
Acupuncture;གསེར་ཁབ་སན་བཅོས།;ཙག་མ་ཆགས་པའི་ལྕགས་རིགས་དང་ གསེར་ལ་སྫོགས་པ་ གཏར་སྲེག་སན་བཅོས། ནད་གཞི་མ་འདྲཝ་སྣ་ ཚྫོགས།
addict;ལང་ཤོར།;ངན་གོམས་ཚུད་པ།
addiction;ལང་ཤོར།;སེམས་གཟུགས་ལུ་ལང་ཤོར་གཞི་བརྟེན་པ།
alcohol;ཆང་།;ར་བཟི་བཅུག་ིའི་ནུས་པ་ཡྫོད་པའི་   འཐུང་རིགས་གག   ཆང་
alcoholic;ཆང་ཟེ། ཆང་དད་ཅན།  ཆང་འཐུང་ིའི་དང་འདྫོད་;གནམ་མེད་ས་མེད་ཡྫོད་མི་ཡངན།
allergen;གནྫོད་རས།;གཟུགས་ཁར་མ་འཕྫོད་པའི་རས་རིགས།
allergy;མ་འཕྫོད་མི།  གནྫོད་མི། རས་སྦྱྫོར་ཡངན་ོས་ག་ག་ར་འབད་རུང་;ོ་བའི་སྐབས་ལུ་
anadipsia;སྐོམ་ཚིག་ལངས་ི།;ཁ་ཤུགས་སྦེ་སྐོམ་ི།
anephric;མཁལ་རྡྫོག་མེདཔ།;གཟུགས་ཀྱི་ནང་ཁྲོལ་  མཁལ་རྡྫོག་མེདཔ།
aneurysm;ཁྲག་ར་དང་དྫོན་ཧིང་གི་ དྫོན་ཧིང་གི་བར་བཅད་དང་;ཁྲག་བཀྲམ་སྤེལ་འབད་མིའི་ར་
angiogenesis;ཁྲག་ར་ཆགས་པ།;ཁྲག་ར་ཆགས་ཐངས།
angiology;ཁྲག་རའི་རིག་པ།;གཟུགས་ནང་ལུ་ཁྲག་ཕར་ཚུར་བཀྲམ་སྤེལ་འབད་མིའི་རའི་
angiostenosis;ཁྲག་ར་བསམས་པ།;ཁྲག་ར་གགག་ཡངན་མང་སུ་གགག་བསམས་པའི་དྫོན།
angiotrophic;ཁྲག་རའི་ོས་བཅུད།;ཁྲག་ར་དང་འབྲེལ་བའི་ོས་བཅུད།
anisakiasis;ཕྫོཝ་དང་རྒྱུ་མ་ནང་;རྒྱ་མཚྫོ་ནང་གི་མ་རིགས་ལུ་གནས་པའི་ནད་འབུབ་   ཨ་ི་ས་ཀི་
ankel;རྨིག་ཅུང༌།;ངར་གདྫོང་དང་རྐང་མའི་རྒྱ་ལེབ་གཉིས་གགག་ཁར་མཐུད་པའི་
anopsia;མིག་ཡ་སྐྱོན་ཅན།;མིག་ཏྫོ་གགག་ལུ་སྐྱོན་ཕྫོག་ཡྫོད་མི།
anosmia;དྲིའི་དབང་པྫོ་མམས་པ།  དྲིའི་དབང་པྫོ་མམས་སྟེ་;དྲི་ཚྫོར་ི་མེདཔ་འགྱོ་མིའི་ནད་གཞི་
anoxemia;སྫོག་རླུང་མར་འབབ།;ཁྲག་ནང་ལུ་སྫོག་རླུང་དགོ་པའི་ཚད་ལས་ཉུངམ་འགྱོ་བའི་ནད་ གཞི་གག
anoxia;སྫོག་རླུང་མེདཔ།;གཟུགས་ཁར་སྫོག་རླུང་མེདཔ།
anthrax;ཨེན་ཐེ་རེགས།;ནད་འབུབ་   བ་སི་ལཱས་   ཨེན་ཐ་རསི་   (bacillus
antibiotic;སྲིན་སན།;ནད་འབུབ་ཚུ་ལས་བཀག་ཐབས་ཀྱི་དྫོན་ལུ་   སྔོ་ཤིང་  ཧམ་སྤུ་
anticoagulant;ཁྱེགས་འཇོམས།;གཟུགས་ཀྱི་ཁྲག་ཚུ་ཁྱེགས་ི་ལས་འཇོམས་ཚུགས་པའི་ནུས་པ་
antiemetic;ཁམས་དྭངས་སན།;ཁམས་ཕྫོགས་རྐྱབ་ི་ལས་བཀག་ཚུགས་པའི་ནུས་པ་ཡྫོད་པའི་
antihistamine;གམན་འཇོམས་སན།;རྨ་ རུལ་རུལཝ་ཚུ་འཇོམས་ི་གི་སན།
antimalarial;ཚད་ནད་འཇོམས་རས།   ཚད་པའི་ནད་གཞི་ལས་བཀག་ཐབས་འབད་མིའམ་;ཚད་ནད་
antiseptic;གམན་སན། རྨ་ སན།;རྨ་ ཚུ་རུལ་ི་ལས་བཀག་ི་གི་སན།
aortogram;ཁྲག་ར་གློག་པར།;ཁྲག་ར་གཙྫོ་བའི་གློག་པར།
aortopathy;ཁྲིག་ར་ནད་གཞི།;ཁྲག་ར་གཙྫོ་བྫོ་དང་འབྲེལ་བའི་ནད་གཞི།
aphagia;ོ་ཁམས་མེད།;བཞེས་སྒོ་སྫོགས་ོ་དགོ་མ་མནྫོ་བའི་དྫོན།
aphalangia;མཛུབ་མེད།;ལགཔ་དང་རྐང་མའི་མཛུབ་མྫོ་མེད།
aphtha;ཁ་རྨ།;ཁའི་ནང་ལུ་  ལྷབ་བཟུམ་སྦེ་ཡྫོད་པའི་སྐྱི་ལྤགས་གུ་  འཐྫོན་པའི་
appendix;རྒྱུ་ལག;རྒྱུ་ལག་འདི་   ཕྫོ་བའི་གཡས་ཁ་ཐུགས་ལུ་ཡྫོདཔ་དང་   དེ་གིས་
aquaporin;ཆུ་ར།  ཆུ་ལམ།;མཁལ་རྡྫོག་དང་གཟུགས་ཀྱི་ཁམས་ཕན་གཞན་ཚུ་ནང་ཆུའི་
arteries;ཁྲག་བཀྲམ་ར།;དྫོན་ཧིང་ལས་གཟུགས་ཀྱི་ཡན་ལག་གཞན་ཚུ་ནང་ལུ་ཁྲག་
astringent;རྨ་ སན་རས་སྦྱྫོར།;རྨའི་སན་བོྫོ་ི་གི་རས་སྦྱྫོར་གག
atrophy;མམས་ནད།;གཟུགས་ཀྱི་ཡན་ལག་གང་རུང་གི་ནུས་པ་མར་མམས་འགྱོ་སྟེ་
autism;སེམས་ནད།;སེམས་དང་འབྲེལ་བའི་ནད་གཞི།
autopsy;རྫོ་དཔྱད།;ཤི་བའི་རྒྱུ་རྐྱེན་བལ་ིའི་དྫོན་ལུ་  རྫོ་བརྟག་དཔྱད་འབད་ི།
back;རྒྱབ།;ལག་ཀོ་ལས་སྐེདཔ་ཡན་ཆད་ཀྱི་གཟུགས་ཀྱི་ཆ་ཤས།
backache;སྒལ་ཏྫོའི་ན་ཟུག;སྒལ་ཚིགས་དང་   དེའི་ཉེ་འདབས་ཀྱི་ཡན་ལག་ཚུ་གུ་ཕྫོག་པའི་
bacteria;ཕ་འབུབ།;སྤྱིར་བཏང་མིག་གི་དབང་པྫོ་གིས་མ་མཐྫོང་པར་ཕ་མཐྫོང་ཆེ་
bed;མལ་ཁྲི།;   ཉ
bed sore;མལ་རྨ།;མལ་ཆ་ནང་ལས་ལྫོང་མ་ཚུགས་པར་   ཡུན་རངམྫོ་སྦེ་འགྱོ་བའི་
behaviour;སྫོད་ལམ།;དེ་ལུ་འབད་བཞག་ཟེར་ཡང་སླབ་ཨིན།
bell's palsy;གདྫོང་ར་གྲིབ་ནད།;གདྫོང་གུ་  བཏྫོན་ཡྫོད་པའི་  ཡངན་  འཐྫོན་ཡྫོད་པའི་རྨ་ གཉེན་
benigh;འཇམ་སུ།;ནད་གཞི་ཚབ་ཆེན་མེནམ།  སྫོག་ལུ་ཉེན་ཁ་མེད་པའི་ནད་གཞི།
benzoic acid;མཁྲིསཔ།;མཆིན་པའི་ནང་ལས་འཐྫོན་པའི་ཆུ་སེརཔྫོ་གག
beriberi;དུས་ཡུན་རིངམྫོ་སྦེ་;ོས་བཅུད་བའེ་ཊ་མིན་སྦི་མེད་པའི་ོས་ རིགས་ོ་མི་ལུ་བརྟེན་ཏེ་  གཟུགས་ནང་ོས་བཅུད་བའེ་ཊ་མིན་
biharzia;སྦི་ཧར་ཛའི།;མཆིན་པ་དང་གློཝ་  དེ་ལས་  མཁལ་རྡྫོ་སྫོགས་ལུ་ནད་འབུབ་
birth place;སྐྱེ་ཡུལ།;སྐྱེས་སའི་ས་གནས།  སྐྱེས་སའི་ས་གནས།
birth rate;སྐྱེ་ཚད།;ལྫོ་གགག་ནང་ལུ་ཨ་ལུ་སྐྱེ་མིའི་ཚད།
bisexual;ཕྫོ་མེན་མྫོ་མེན།;མཚན་མ་གཉིས་ཆ་རའི་རང་བཞིན་ཡྫོད་མི།
blind;ཞརཝ།;མིག་གི་དབང་པྫོ་ལཱ་མ་འབད་བའི་དྫོན།  མིག་གིས་མ་མཐྫོང་མི།
blood donation;ཁྲག་བྱིན།;ཐུགས་རྐྱེན་ལ་སྫོགས་པ་བྱུང་བའི་ནདཔ་ཚུ་སྫོག་སྐྱབས་འབད་
blood vessel;ཁྲག་ར།;དྫོན་ཧིང་ནང་ལས་  གཟུགས་ཀྱི་ཡན་ལག་དང་  གཟུགས་ཀྱི་
blushing;གདྫོང་དམར།;དགའ་བ་དང་  ངོ་ཚ་བའི་ཚྫོར་སྣང་སྐབས་ལུ་  གདྫོང་གུ་ཡྫོད་
boil;སྲིན་ཐྫོལ།;གཟུགས་ཁའི་སྤུའི་ར་ཏྫོག་དང་  རྔུལ་ནག་ཐྫོན་སའི་དྫོང་ཆུང་ཚུ་
bone;རུ་ཏྫོ།;གཟུགས་ཀྱི་ཡན་ལག་ཚུ་གགག་ཁར་བྱེལ་བཞག་ི་དང་
bone;རྐང་ཚབ་བཙུགས།;རྐང་མེདཔ་ཐལ་ཡྫོད་མི་ཚུ་གི་ཚབ་ལུ་  མེདཔ་མ་ཐལ་བར་ཡྫོད་
bowel;ཕྫོཝ;ཕྫོཝ་གི་མིང་གཞན།
breast feed;ཨའི་གི་ཨོམ་བྱིན་ི།;གྱིབ་དམ་སྫོགས་ནང་གི་ཨོམ་མེན་པར་  ཨའི་མྫོ་རའི་གཟུགས་
breating rate;བུང་གཏྫོང་ལེན་གྱི་ཚད། གློཝ་གི་ཕར་ཤུགས་དང་འཁྲིལ་ཏེ་;བུང་ཕྱི་ཁར་གཏང་ི་དང་
bronchi;གློཝ་གི་རླུང་ར།;ལྐོད་མའི་རླུང་ར་ལས་  རླུང་ལེན་ཏེ་གློཝ་ནང་ལུ་  རླུང་མ་སྤེལ་
bulimia;ོ་ནད།;བཞེས་སྒོ་ཚད་སྦེ་ོ་མ་སས་པའི་ནད་གཞི།
burning;ཚ་ཤུར་ཤུར།;དྲྫོད་ལྫོངས་ཐངས་གག  དཔེར་ན།  མེ་གིས་ཚ་ཤུར་ཤུར་བཏང་
cabin;ཟུར་ཤག;སན་ཁང་ནང་ལུ་ཞག་སྦེ་སྫོད་དེ་   སན་བཅོས་འབད་དགོ་པའི་
cachet;ཀེབ་སུལ།;བྫོཝ་ཁག་དྲག་འབད་ཡྫོད་པའི་སན་ཕྱེ་བླུགས་སའི་ཧྫོད་སྒོང་
cadaver;རྫོ།  ཕུངམ།;ཤི་ཤིཝ་གི་རྫོ།
calf;བྱིམ་ཐག;རྐང་པའི་ངར་གདྫོང་གི་རྒྱབ་ཁར་  ར་ཨང་སྒོང་འབད་ཡྫོད་མི།
calvicle;གམའ་རུས།;ལག་ཀོའི་རུ་ཏྫོ།
cancer;ཀེན་སར།;གཟུགས་ཁའི་   ཁམས་ཕན་ཚད་ལས་བརྒལ་ཏེ་   སྐྱེས་བའམ་
canine;མཆེཝ།;རྣྫོས་ཁིག་ཁི་སྦེ་ཡྫོད་པའི་  གདྫོང་སྫོ་བཞི།
capsule;སན་ཐུམ།;སན་ཕྱེ་བླུགས་བཏུབ་པའི་ཧྫོད་ཆུང་ཀུ་    ཕྫོཝ་ནང་ཧྫོདཔ་གག་
carbohydrate;མངར་རྩི།;གཟུགས་ལུ་ནུས་ཤུགས་དང་  ཚ་དྲྫོད་བྱིན་ི་གི་  ནུས་པ་ཡྫོད་
carbuncle;སྫོན་ཐྫོལ་སྫོམ།;སྫོན་ཐྫོན་སྫོམ་སྦེ་འགྱོ་བའི་རིགས་གག
cardiograph;སྙིང་འཕར་འཇལ་ འཕྲུལ།;ཚུགས་མི་ལུ་བརྟེན་ཏེ་ཡང་བྱུངམ་ཨིན།
cardiomyopathy;སྙིང་རའི་ནད་གཞི།;དྫོན་ཧིང་གི་ར་དང་འབྲེལ་བའི་ནད་གཞི་སྤྱིར་བཏང་གི་མིང་།
caries;སྫོ་རུལ།;ཁ་ནང་གི་སྫོ་རུལ་མིའི་གནས་སངས།
caries;སྫོ་རུལ། ;ཁ་ནང་གི་སྫོ་རུལ་མིའི་གནས་སངས།
carotid;ཀླད་ར།;ཀླད་པའི་ནང་ལུ་  ཁྲག་བཀྲམ་སྤེལ་འབད་མི་གི་  ཁྲག་ར་གཙྫོ་
carpal bones;ལག་ཚིགས་རུ་ཏྫོ།;ལག་པའི་ཚིགས་ཀྱི་རུ་ཏྫོ།
carpal bones;ལག་ཚིགས་རུ་ཏ།ྫོ;ལག་པའི་ཚིགས་ཀྱི་རུ་ཏ།ྫོ
carpus;ལག་ཚིགས།;ལག་པ་དང་ལག་ངར་གཉིས་མཐུད་སའི་ཚིགས་ཏྫོ།
carpus; ལག་ཚིགས།; ལག་པ་དང་ལག་ངར་གཉིས་མཐུད་སའི་ཚིགས་ཏ།ྫོ
cascara;བཤལ་སན།;ཆབ་གསང་རྒྱས་པ་བཤལ་བཅུག་ི་གི་  སན་གྱི་རིགས་གག
cascara;བཤལ་སན།; ཆབ་གསང་རྒྱས་པ་བཤལ་བཅུག་ི་གི་    སན་གྱི་རིགས་གག
cavity;སྫོ་དྫོང་།;སྫོ་སྲིན་གྱིས་ོ་སྟེ་  སྫོའི་ནང་ལུ་ཐྫོན་པའི་དྫོང་།
cavity;སྫོ་དྫོང་། ;སྫོ་སྲིན་གྱིས་ོ་སྟེ་    སྫོའི་ནང་ལུ་ཐྫོན་པའི་དྫོང་།
cell;ཁམས་ཕན། ;རང་ར་སྫོར་སྫོ་སྦེ་གནས་ཚུགས་པའི་         སྫོག་ནན་ཁམས་ཕན། དཔེར་ན་    ཁྲག་གི་ཁམས་དཀརཔྫོ་དང་དམརཔྫོ་བཟུམ།
centigrade;སེན་ཊི་གེརེཊ།;དྲྫོད་ཚད་འཇལ་ཚད།
centigrade; སེན་ཊི་གེརེཊ། ; དྲྫོད་ཚད་འཇལ་ཚད།
centimeter;སེན་ཊི་མི་ཊར།;རིང་ཚད་དང་གཏིང་ཚད་འཇལ་ཚད།
centimeter;སེན་ཊི་མི་ཊར། ;  རིང་ཚད་དང་གཏིང་ཚད་འཇལ་ཚད།
central nervous system; དབང་རའི་རིམ་;ཀླདཔ་དང་སྒལ་ཚིགས་ནང་ཡྫོད་པའི་ཀླད་པའི་ཆ་ཤས།
cephalalgia;མགུ་ནད།;མགུ་ཏྫོ་གི་ན་ཚ་གག
cerebellum;ཀླད་པའི་ཆ་ཤས་གག གཟུགས་ཀྱི་སྤར་ནུས་དང་;དབུགས་གཏྫོང་ལེན་གྱི་ལཱ་འབད་
cerebral;ཀླད་པའི།;ཀླདཔ་ ཀླད་པའི་ནད་གཞི།  ཀླད་པའི་ན་ཚ།  ཀླདཔ་དང་འབྲེལ་ན་ཚ།
cerebral palsy;ར་སྐུམ་ནད།;ཀླདཔ་ལུ་རྐྱེན་ཕྫོག་མི་ལུ་བརྟེན་ཏེ་གཟུགས་ཀྱི་ར་སྐུམ་ཏེ་ལཱ་
cerebrum;ཀླད་གཞུང་།;སེམས་ཀྱི་ཚྫོར་བ་དང་མནྫོ་བསམ་གཏང་ི་གི་ཀླད་པའི་ཆ་ཤས་
check;བརྟག་དཔྱད།;ནད་གཞི་ཡྫོད་མི་ཞིབ་དཔྱད་འབད་ི།
cheek;ོ་ལབ།;ལྷ་པ་དང་རྣམ་ཅོ་གི་བར་ནའི་གདྫོང་གི་ཆ་ཤས།
chemical;རས།  རས་སྦྱྫོར།;དངོས་པྫོ་གང་རུང་གྲུབ་པའི་རས།
chemist;སན་སྦྱྫོར་མཁས་ མཆོག;རས་སྦྱྫོར་ མཁས་མཆོག
chest;བྱང་ཁོག;གཟུགས་ཀྱི་གདྫོང་ཕྱྫོགས་ལུ་  ལ་ལྐོག་དང་ཕྫོཝ་གི་བར་ན་
chilblains;བསིལ་བཤུར།;ལག་པའི་མཛུབ་མྫོ་དང་  རྐ་མའི་ཨམ་ཐེ་བྫོམ་  དེ་ལས་  རྣམ་ཅོ་
chin;མང་མཁལ།;ཁ་དང་ཨོལ་ལྐོག་གི་བར་ན་ཡྫོད་པའི་གདྫོང་གི་ཤ་ཆས་མཇུག་
chloroform;དྲན་མམས་སན།;ཧེ་མ་    གཤག་བཅོས་ཀྱི་སྐབས་ལུ་ཟུག་མི་ཚྫོར་ི་གི་ཐབས་ལུ་
chlorosis;ཁྲག་མམས།;ཁྲག་གི་ཁམས་ཕན་དམརཔྫོ་འདི་   དགོ་པའི་ཚད་ལས་   མར་
cholecystis;ལྒང་འཕུ།;ཆབ་གསང་བསྡུསཔ་སྫོད་སའི་ལྒང་འཕུ།
cicatrix;རྨན་ཀྲི།;རྨ་ བཏྫོན་པའི་བཤུལ་ལས་གཟུགས་ཀྱི་པགས་ཀོ་གུ་ལུས་པའི་ རྨའི་བཤུལ།
cillary muscle;མིག་ར།;མིག་གི་དབང་པྫོའི་སྫོམ་ཆུང་སྫོར་ིའི་ནུས་པ་ཡྫོད་པའི་མིག་ཏྫོ་
cirrhosis;མཆིན་ནད།;གནྫོད་རྐྱེན་གང་རུང་ལུ་བཏྫོན་ཏེ་   མཆིན་པའི་གནས་སངས་་སྐྱོ་
clunis;ཨ་བུག་སྒང་ཚིག;ཨ་བུག་གི་གཡས་གཡན་གྱི་སྒང་ཚིག
coagulation;ཁྲག་འཁྱེག;ཁྲག་འཁྱེག་སྟེ་སྒོང་བ།
cocaine;ཀོ་ཀེན།;ཀོ་ཀའི་འདབ་མ་ལས་བོྫོ་བའི་བཟི་སན་   སྫོད་པ་ཅན་   ལང་
codeine;ཞི་སན།;གློ་བཀག་ཐབས་དང་   མགུ་ཏྫོ་གི་ན་ཟུག་སྫོགས་འཇོམས་ི་གི་
cold;ཚ་རིམས།;བསིལ་ལུ་བརྟེན་ཏེ་  འཐྫོབ་པའི་རིམ་ཚད།
cold sores;ཁ་རྨ།;ནད་འབུབ་ ཧར་པིས་ལུ་བརྟེན་ཏེ་ ཁའི་ནང་ན་དང་ཁ་མཆུ་གུ་ ཐྫོན་པའི་རྨ།
cold storage;བསིལ་མཛྫོད།;ཁྲག་དང་སན་རིགས་ཚུ་   མེད་མ་འགྱོ་བར་བཞག་ི་གི་དྫོན་ལུ་
colic;རྒྱུ་གཟེར།;གཙྫོ་བྫོ་ཕྫོཝ་ན་གི་རྒྱུ་མ་གི་ར་བསམས་ཏེ་  ན་བའི་ན་ཟུག
collar-bone;ཕྱག༌ལ༌རུས༌ཏྫོ།;ཕྱག༌ལག༌རུ༌ཏྫོ།
colon;རྒྱུ་མ་དཀར་རྒྱུ།;རྒྱ་མ་ནང་ཁྲོལ་ཚུ་ལས་  དང་པ་ཡྫོད་མིའི་ནང་ཁྲོལ།
colostrum;ཨོམ་དང་པ།;ཨ་ལུ་སྐྱེས་ཚར་ཞིནམ་ལས་   ཨའི་གི་ཨོམ་གྱི་ནང་ལས་དང་པ་
colpatitis;སྟུ་རྨ་ རྒྱས་པ།;སྟུ་གུ་ཐྫོན་ཡྫོད་པའི་ རྨ་ གམན་རྒྱས་པ།
comminute;ཆག་དཀྲུམ།;རུ་ཏྫོ་ཕྱེ་མ་སྦེ་དཀྲུམ་པ།
community unit;མི་སྡེའི་སྡེ་ཕན།;ས་གནས་ནང་གི་སྡེ་ཕན།
complication;དཀའ་རྙོག;དཀའ་ངལ་ཅན་གྱི་གནས་སངས།
conceive;ཨ་ལུ་ཆགས་ི།;མངལ་ནང་ཨ་ལུ་ཆགས་པ་  ཡངན་  ཨ་ལུ་སྐྱེས་ི་ཆགས་པའི་
condition;གནས་སངས།;ནད་པའི་གནས་སངས།   གནས་སངས་ཚུབས་སུ་ཡངན་ཉེན་ཁ་ཆེ་
condom;མཚན་ཤུབས།;ལུས་འབྲེལ་ལུ་བརྟེན་པའི་ནད་གཞི་ཚུ་བཀག་ཐབས་དང་ཨ་ལུ་
consultation;གྲོས་བསྟུན།;བསྟུན་གྲོས་འབད་བ།
contraception;སྐྱེ་འགོག;ཨ་ལུ་ཆགས་ི་ལས་བཀག་ཐབས།
convex lens;འབུར་སལ།;ཕྱི་ལ་  འབུར་འབུར་སྦེ་  ཐྫོན་ཡྫོད་པའི་སལ།
convex lens;འབུར་སལ།;ཕྱི་ལ་    འབུར་འབུར་སྦེ་    ཐྫོན་ཡྫོད་པའི་སལ།
convulsion;དྲན་གཏྫོར།;གནྫོད་པ་གང་རུང་གིས་  གཟུགས་ཀྱི་ནང་ན་གི་  ར་ཚུ་བསྐུམ་
cor pulmonale;སྙིང་ནད།;གློཝ་   ཡངན་   གློཝ་ནང་གི་ཁྲག་བཀྲམ་མི་གི་   རའི་གུ་ཕྫོག་
corn;ཤ་འབུར།;རྐང་མའི་མཛུབ་མྫོ་གུ་  ཐྫོན་པའི་ཤ་འབུར་ས་ཀྲ།
corn;ཤ་འབུར། ;རྐང་མའི་མཛུབ་མྫོ་གུ་    ཐྫོན་པའི་ཤ་འབུར་ས་ཀྲ།
corpse;རྫོ།  ཕུངམ།;ཤི་ཤིཝ་གི་རྫོ།
corpulence;རྒྱགས་ཏྫོ་རི་རི།;མམས་ཚད་ལས་བརྒལ་ཏེ་ཡྫོད་མི།
corpulence;རྒྱགས་ཏ་ྫོ རི་རི།;མམས་ཚད་ལས་བརྒལ་ཏེ་ཡྫོད་མི།
corpuscle;ཁམས་ཕན།;ཁྲག་གི་ཁམས་ཕན་དཀར་དམར་གང་རུང་གག
corpuscle;ཁམས་ཕན། ;ཁྲག་གི་ཁམས་ཕན་དཀར་དམར་གང་རུང་གག
cortex;ཀླད་པའི་དར།;ཀླད་པའི་མཐའ་སྐོར་ཏེ་ དར་བཟུམ་འབད་ཡྫོད་པའི་ ཀླད་པའི་ ཆ་ཤས་གག
cortex;ཀླད་པའི་དར།;ཀླད་པའི་མཐའ་སྐོར་ཏེ་    དར་བཟུམ་འབད་ཡྫོད་པའི་    ཀླད་པའི་ ཆ་ཤས་གག
costae;རྩིབས་སྒྲོ།;རྩིབས་སྒྲོ་རུ་ཏྫོ་ཁལ་གགག་བཞིའི་མིང་།
costalgia;རྩིབས་སྒྲོ་ན་ཟུག;རྩིབས་སྒྲོ་ལུ་ཕྫོག་པའི་ན་ཟུག
cot death;གཉིད་ཤི།;གཉིད་ལྫོག་ས་ལས་འཕྫོ་རྐྱང་སྟེ་ཤི་བ།
cot death ;གཉིད་ཤི། ;གཉིད་ལྫོག་ས་ལས་འཕྫོ་རྐྱང་སྟེ་ཤི་བ།
cough;གློ་འབར།;གློ་ཁོག་དང་དྫོན་གགག
counter measure;བཟླྫོག་ཐབས།;ནད་གཞི་ལས་དྲག་ིའི་ཐབས་ལུ་   སན་བཅོས་ལ་སྫོགས་པའི་
cranial nerves;ཀླད་མཐུད་ར།;ཀླདཔ་དང་ཐད་ཀར་དུ་མཐུད་དེ་ཡྫོད་པའི་ར་རྒྱུས་༢༤།
cranium;ཐྫོདཔ།  ཀ་པ་ལི།;མགུ་ཏྫོ་ནང་གི་  ཀླདཔ་དང་  དེའི་ཆ་ཆས་ཚུ་  ཕྱིའི་གནྫོད་པ་
critical;ཚབས་ཆེན།;ཉེས་ སྫོག་ལུ་ཉེན་ཁ་ཡྫོད་པའི་ན་ཚའི་གནས་སངས། ཚབས་ཆེ་བའི།
critical;ཚབས་ཆེན།  ;ཉེས་ སྫོག་ལུ་ཉེན་ཁ་ཡྫོད་པའི་ན་ཚའི་གནས་སངས། ཚབས་ཆེ་བའི།
crotch;དཔྱི་སད།;གཟུགས་གཡས་གཡྫོན་གྱི་  རྐེད་པའི་འྫོག་གི་  གཟུགས་ཀྱི་ཆ་
cunt;སྟུ།  མྫོ་མཚན།;ཨམ་སྲུ་གི་མཚན་མ།
cure;དྲག་ི།;བཅོ་ི། ནད་གཞི་ལས་དྲག་ི་དང་ནད་གཞི་བཅོས་ཁ་རྐྱབ་པའི་དྫོན། བཅོ་ཁ་རྐྱབ་ི།
cyesis;བུ་མཆེདམ།;ཕྫོཝ་ནང་ལུ་ཨ་ལུ་ཆགས་ཏེ་ཡྫོད་པའི་གནས་སྐབས།
cylinder;རྒྱ་རྫི།;སྫོག་རླུང་གི་རྒྱ་རྫི་བཟུམ།
dactylitis;རྨ་ གམན་རྐྱབ་པ།;རྐང་ལག་གི་མཛུབ་མྫོ་གུ་ལུ་ཡྫོད་པའི་རྨ་ ཧེང་བཀལ་སྐྱོ་སུ་འགྱོ་
daft;ར་རྒས།  གླེང་གོ།;ཁ་སླབ་མ་སས་མི།  སེམས་ཀྱི་མནྫོ་མ་སས་མི།
daltonism;ཚྫོས་ཞར།;མིག་ཏྫོ་གི་ནང་ལུ་ཡྫོད་པའི་  ཚྫོས་གཞི་དབྱེ་བ་ཕྱེ་མི་གི་  དབང་
dandruff;གློབ།;མགུ་ཏྫོ་ཁའི་གློབ།  གློབ་འདི་  མགུ་ཏྫོ་གི་པགས་ཀོ་ཚད་ལས་
dapsone;ཌེབ་སྫོ་ི།;མམ་ནད་བཅོས་ཁ་རྐྱབ་ི་ལུ་ཕན་པའི་སན།
dark room;མུན་ཁང་།;གློག་པར་ གློག་པར་གྱི་བརྙན་ཤྫོག་ཆུ་འཁྱུ་སའི་ཁང་མིག་ནག་དུང་དུང་།  འཁྱུ་སའི་ཁང་མིག
date rape;སན་ཐྫོག་དབང་བཙྫོང་  ཆང་ལ་སྫོགས་པའི་ནང་;འདྫོད་ཆ་ལྫོང་ིའི་སན་བླུག་བྱིན་
day;ཉིན་ཞག;ཉིནམ། དུས་ཡུན་ཆུ་ཚྫོད་༢༤། ཞག རེ་གོའ།
dead;ཚེ་འདས།;གྱོང་མི།  ཤི་མི།
deaf;བྱ་རྡུགས།;རྣམ་ཅོ་གོ་ི་མེདཔ།
deafen;བྱ་རྡུགས་བོྫོ་ི།;རྣམ་ཅོག་གོ་ི་མེདཔ་བོྫོ་བ།
death bed;ཤི་ས།;ཚེ་ལས་འདས་སའི་ས་གནས།
defloration;ཁ་གསར་སྤེག་པ།;ཨམ་སྲུ་གསར་སྤེད་རྐྱབ་ཚར་བ།
defluvium;སྐྱ་འབུད།;མགུ་ཏྫོ་གི་སྐྱ་བུད་འགྱོ་བ།
deformity;སྐྱོན་ཞུགས།;གཟུགས་ཀྱི་ཡན་ལག་གང་རུང་ལུ་  སྐྱོན་ཞུགས་ཏེ་  ཚུལ་དང་
degeneration;མམས་པ།;གཟུགས་ཀྱི་ཡན་ལག་དང་  དབང་པྫོ་གང་རུང་  ལཱ་འབད་ིའི་
degree;ཌིགི་རི།  ཚད།;དྲྫོད་ཚན་འཇལ་ི་གི་ཚད་གཞི་གག
dehydration;ཆུ་སྐམ་པ།;གཟུགས་ནང་གི་ཆུ་སྐམ་པ།   གཟུགས་ཁར་ལས་རྔུལ་ནག་ཐྫོན་
dejecta;ཨ་བ།;ཆབ་གསང་རྒྱས་པ།
delivery;སྐྱེ་བ།;ཨའི་གི་མངལ་ལས་   དུས་ཚྫོད་ཚང་ཏེ་ཕྱེ་ཁར་ཐྫོན་པའི་གནས་
demented;གནས་པ་མེདཔ།;སེམས་གཏན་གཏན་མེདཔ།
dens;སྫོ།;ཁའི་ནང་གི་སྫོ།
dental;སྫོའི།;སྫོ་བཅོས་ཀྱི། སྫོ་དང་འབྲེལ་བའི་སན་བཅོས་དང་ན་ཚ། སྫོ་དང་འབྲེལ་བའི།
dentalgia;སྫོ་ཟུག;སྫོའི་ན་ཟུག
dentin;སྫོའི་རྩི།;སྫོའི་དྫོན་ལུ་ཁག་ཆེ་བའི་རྩི་གག
dentist;སྫོ་བཅོས་མཁས་;སྫོ་དང་འབྲེལ་བའི་ན་ཚ་བཅོས་ི་ལུ་   མཁས་མཆོག་སྦྱྫོང་ཡྫོད་
dentistry;སྫོ་དཔྱད་རིག་པ།;སྫོ་དང་འབྲེལ་བའི་  ན་ཚ་དང་སན་བཅོས་ཀྱི་སྐོར་ལས་  ལྷབ་
deodrant;དྲི་སངས།;གཟུགས་ཀྱི་དྲིམ་ཚུ་བཀག་ིའི་སན།
depilatory;འབལ་སན།;སྤུ་འབལ་ི་གི་སན།
dermatitis;པགས་ནད།;གཟུགས་ཀྱི་པགས་ཀོ་དང་འབྲེལ་བའི་ནད།   པགས་ཀོ་གི་ནད་
dermatology;པགས་ནད་རིག་པ།;པགས་ཀོ་ནད་གཞི་གི་སྐོར་ལས་  ལྷབ་ི་གི་ཆོས་ཚན།
dermis;བར་པགས།;གཟུགས་ཀྱི་པགས་ཀོ་   རིམ་པ་གསུམ་སྦེ་ཡྫོད་མི་ལས་   བར་
desmalgia;སྦྱེལ་ར་ན་ཟུག;རུ་ཏྫོ་གགག་ཁར་སྦྱེལ་མི་གི་རའི་གུ་གནྫོད་པ་གང་རུང་ཕྫོགས་མི་
desquamation;པགས་ཤུབས།;གཟུགས་ཀྱི་པགས་ཀོ་ཤུབས་འགྱོ་བ།
diabetes;གུ་རམ་ནད།;གུ་རམ་གྱི་ནད་གཞི་འདི་གཙྫོ་བྫོར་    གཟུགས་ན་ལུ་ཡྫོད་པའི་
dialysis;ཁྲག་སེལ།;འཕྲུལ་ཆས་ཀྱི་ཐྫོག་ལས་ཁྲག་སེལ་རྐྱབ་པའི་སན་བཅོས།
diathermy;དྲྫོད་བཅོས།;དྲྫོད་ལག་ལེན་འཐབ་ཐྫོག་ལས་   ནད་གཞི་དང་གནྫོད་རྐྱེན་ཕྫོག་
dick test;དམར་ཚད་བརྟག་;དམར་ཚད་ཡྫོད་མེད་བརྟག་དཔྱད་འབད་ཐངས་གག
didymalgia;ལྷིག་པའི་ན་ཟུག;ལྷིགཔ་རྡྫོག་ལུ་ཕྫོག་པའི་ན་ཟུག
die;ཤི་ི།;ཚེ་ལས་འདས་ི།
diet;ོས།  བཞེས་སྒོ།;ོ་བའི་ལྫོ་དང་ོས།
dieter;ལྫོ་ཕབ་མི།;མམས་བཏགས་ི་ལས་བཟླྫོག་ཐབས་ལུ་    བཞེས་སྒོ་ཚད་བོྫོ་  སྟེ་ བོའ་མི།
digest;ོས་བཞུ་ི།;བཞེས་སྒོ་བཞུ་ི།
digestible;བཞུ་འཇམ་པའི།;བཞུ་འཇམ་པའི་  བཞེས་སྒོ་ཟེར་དྫོ་བཟུམ།
digestion;ོས་བཞུ།;ོས་རིགས་བཞུ་བའི་དྫོན།
diphtheria;ལྐོད་ནད།;དབུགས་གཏྫོང་ལེན་འབད་མ་ཚུགསཔ་འབད་འགྱོ་བའི་ལྐོད་
diplopia;གཉིས་མཐྫོང་།;ཅ་ལ་གགག་ལས་བརྒལ་མེད་རུང་ གཉིས་སྦེ་མཐྫོང་བའི་མིག་ ཏྫོ་གི་རྐྱེན།
disinfectant;གཉེན་སྲིན་སེལ་བྱེད།  ནད་གཞི་ཐྫོབ་ི་ལས་བཀག་ཐབས་ལུ་;ནད་འབུབ་སྫོགས་
disk;བར་ཤབས།;ཚིགས་ཀྱི་བར་ན་ཡྫོད་པའི་ཀྲུམ་ཀྲུ་གི་ཤབས།
displacement;ཚིགས་འབལ།;གཟུགས་ཀྱི་ཡན་ལག་གི་ཚིགས་ཚུ་འབལ་ི།
dissect;བཏྫོག་ི།  གཅད་ི།  བརྟག་དཔྱད་དང་སླྫོབ་སྦྱྫོང་གི་དྫོན་ལུ་;བཏྫོག་ི་དང་ཡང་ན་
dizziness;མགུ་གཡུག་འཁོར་བ།  མགུ་གཡུག་འཁོར་ི་འདི་གཙྫོ་བྫོ་;མི་གི་ཚད་སྙོམས་ཀྱི་ཚྫོར་
domatophobia;ནང་འདྲྫོག;ནང་སྫོད་ ཁྱིམ་གྱི་ནང་ན་སྫོད་ི་ལུ་ འདྲྫོག་ཟུག་ཡྫོད་པ། འདྲྫོག་ཟུག
donor;ཞལ་འདེབས་པ།;ཁྲག་དང་  གཞན་གཟུགས་ཀྱི་ཆ་ཤས་   ཞལ་འདེབས་སྦེ་བྱིན་
doraphobia;སྤུ་འདྲྫོག;སྤུ་ལུ་འདྲྫོག་པའི་ནད་གཞི།
dose;ཐུན་ཚད།;སན་ོ་ཐེངས་རེ་གྱི་ཚད་གཞི།
dressing room;རྨ་ བཅོས་ཁང་།;རྨ་  སན་བཅོས་འབད་སའི་  ཁང་མིག
drug;སན་རས།;སན་བོྫོ་ིའི་རས་སྦྱྫོར།
duct;རྒྱུས་དུང་།;གཟུགས་ནང་ན་  ཆུ་ཕར་ཚུར་འགྱོ་སའི་དུང་ཅུང་།
dumb;གླེང་གོ།  གླེན་པ།;ཁ་སླབ་མ་སས་མི།
dysentery;ཁྲག་བཤལ།;ཁྲག་བཤལ་འདི་རྒྱུ་མ་དཀར་རྒྱུ་ན་ལུ་གནྫོད་པ་ཕྫོགས་མི་ལུ་
dysfunction;གཡྫོག་འབད་མ་;གཟུགས་ཀྱི་ཡན་ལག་གང་རུང་ལཱ་འབད་མ་བཏུབ་འགྱོ་བ།
ear;རྣམ་ཅོག;མན་ི་གི་དབང་པྫོ། གོ་ིའི་ནུས་པ་ཡྫོད་པའི་གཟུགས་ཀྱི་ཡན་ ལག་གག
ear wax;རྣལ་སྤབས།;རྣམ་ཅོག་གི་ཨ་བ།
eardrum;རྣ་རྔ།;རྣ་ཅོག་གི་ནང་ན་ལུ་   སྒྲ་གོ་ི་གི་ནུས་པ་ཡྫོད་པའི་   རྣའི་དབང་
eat;ོ;ཁ་ནང་ལས་བཞེས་སྒོ་ོ་བ།
edema;ཆུ་བསག;གཙང་སྦྲ་མེད་མི་ལུ་བརྟེན་ཏེ་  ར་རྒྱུས་དང་ཁམས་ཕན་གང་རུང་
edentate;སྫོ་མེད།;ཁ་ནང་སྫོ་མེདཔ།
edible;ོ་བཏུབ།;ོ་བ་ལུ་ཉེན་ཁ་མེད་པའི་ོས།
ejaculation;བདར་བཏྫོན།;བདར༌ཁུ༌བཏྫོན་པ།
emergency;གློ་བུར།;གློ་བུར་དུ་མྫོང་བའི་ན་ཚ་ལ་སྫོགས་པ།
emesis;སྐྱུག་པ།;གསྫོ་བ་རིག་པའི་ཁ་ཐུག་ལས་  ཁ་ལས་སྐྱུག་པའི་མིང་།
enamel;སྫོ་རྩི།;སྫོའི་ཕྱི་ཁར་ལས་  དཀརཔྫོ་སྦེ་མཐྫོང་ི་ཡྫོད་པའི་རྩི་གག
encephalitis;ཀླད་ཚད།;ནད་གཞི་འདི་   ནད་འབུབ་བ་རཱས་དང་   བེག་ཊི་རི་ཡ་ཚུ་ལུ་
encephalopathy;ཀླད་ནད།;ཀླདཔ་ལུ་  གནྫོད་པའི་ནད་གཞི་སྤྱིར་བཏང་ལུ་སླབ་ཨིན།
enteritis;རྒྱུ་ནད།;ཆབ་གསང་བཤལ་བཅུག་མི་གི་  རྒྱུ་མའི་ནད་གཞི་གག
entrails;རྒྱུ་མ་ནང་ཁྲོལ།;ཁོག་པའི་ནང་ལུ་ཡྫོད་པའི་  ནང་ཁྲོལ་གྱི་རིགས།
entrée;དྭངས་ོས།;བཞེས་སྒོ་གི་ཧེ་མ་   ོ་ཁམས་དྭངས་ི་གི་དྫོན་ལས་བོའ་བའི་
entry;འཛུལ་སྒོ།;ནང་ན་འཛུལ་སའི་སྒོ།
epidermis;ཕྱི་པགས།;པགས་ཀོ་གི་ཕྱི་ཁའི་པགས་ཀོ།
epiglottic;ལྕེ་ཅུངམ།;ལྕེ་ཅུངམ་འདི་གིས་  ཆུ་དང་བཞེས་སྒོའི་རིགས་ཚུ་  ལམ་འཛྫོལ་
eradicate;ར་མེད་གཏང་ི།;ནད་གཞི་གང་རུང་ར་བ་ལས་མེདཔ་བོྫོ་བའི་དྫོན།
erogenous;འདྫོད་ས།;འདྫོད་ཆ་ལྫོང་ིའི་ནུས་པ་ཡྫོད་པའི་གཟུགས་ཀྱི་ཡན་ལག
esophagus;ལྐོད་མའི་དུང་ཅུ།;ལྫོ་དང་ཆུ་སྫོགས་  ཕྫོཝ་ནང་ལུ་འགྱོ་སའི་ལམ།
examination;བརྟག་དཔྱད།;ནད་གཞི་སྫོགས་ཨིན་ན་མེན་ན་བལ་ི།
excrement;ཨ་བ།;ཆབ་གསང་རྒྱས་པ།
excrescence;ཤ་འཐེབ།;གཟུགས་ཁ་ལུ་ཤ་སྤྱིར་བཏང་ཡྫོད་མི་ལས་འཐེབ་སྦེ་བཏག་པའི་
exit;འཐྫོན་སྒོ།;ཕྱི་ཁར་འཐྫོན་འགྱོ་སའི་སྒོ།
expire;ཤི་ི།  གྱོང་ི།;ན་ཚ་དང་རྐྱེན་གང་རུང་ལུ་བརྟེན་ཏེ་ཤི་ི།
eye liner;མིག་སྨྱུག;གཙྫོ་བྫོ་ཨམ་སྲུ་ཚུ་གིས་   མིག་ཏྫོ་བོྫོ་བོྫོ་ི་གི་དྫོན་ལུ་   མིག་
eye ointment;མིག་སན།;མིག་ཏྫོ་ནང་ལུ་བླུགས་ིའི་སན་ཆུའི་རིགས་གག
eye sore;མིག་ནད།;མིག་ཏྫོ་གི་ནད་གཞི་གག
eyebrow;མིག་སྤུ།;མིག་ཏྫོ་གི་ལག་ལས་ཕར་ཡྫོད་པའི་སྤུའི་ཆག་པ།
eyelash;མིག་རྫིམ།;མིག་ཏྫོ་གི་རྫིམ།
eyelid;མིག་པགས།;མིག་ཏྫོ་གི་པགས་ཀོ།
eyesight;མཐྫོང་ནུས།;མིག་ཏྫོ་གི་མཐྫོང་ཚད།
face;གདྫོང།;མིག་ཏྫོ ལྷཔ། ཁ། དཔྱལཝ་ཚུ་ཡྫོད་པའི་གཟུགས་ཀྱི་ཆ་ཤས།
facioplegia;གདྫོང་ར་གྲིབ་ནད།;གདྫོང་ཧྲིལ་བུམ་  ཡངན་  གདྫོང་གི་ཆ་ཤས་གག་གི་ར་  ལཱ་
fang;སྫོའི་ར།;སྫོའི་ར་ཏྫོག
fat;ཚི་ལུ།;དེ་ལུ་  མམས་ཟེར་ཡང་སླབ་ཨིན།  གཟུགས་ཁར་ཚི་ལུ་ལེ་ཤ་
fatality;ཤི་རྐྱེན།;ཤི་བའི་རྒྱུ་དང་རྐྱེན།
fatigue;ཐང་ཆད།  འུ་སྡུག;གཟུགས་ངལ་བའི་དྫོན།
favus;པགས་ནད།;འབུ་ིའི་ཉེན་ཁ་ཡྫོད་པའི་  པགས་ཀོ་གི་ནད་གག
febris;དྲྫོད་འབར།;གཟུགས་ཀྱི་དྲྫོད་ཤུགས་ཚད་ལས་བརྒལ་ཏེ་འབར་བའི་ན་ཚ་ གག
fecal;ཨ་བའི།;ཨ་བ་དང་འབྲེལ་བ།
feces;ཨ་བ།;དེ་ལུ་ཆབ་གསང་རྒྱས་པ་ཟེར་ཡང་སླབ་ཨིན།
fecundity;སྐྱེས་ནུས་ཅན།;ཨ་ལུ་སྐྱེ་ིའི་ནུས་པ་ཡྫོད་པ།
feeding bottle;ཨོ་དམ།;ཨ་ལུ་ཆུང་ཀུ་ལུ་  ཨོམ་བྱིན་ི་གི་འགྱིབ་ཀྱི་དམ་སྦྱིས།
female;མྫོ།;ཨམ་སྲུ་སྤྱིར་གཏང་གྱི་མིང་།
feminism;མྫོ་སྫོདཔ།;མྫོའི་རིགས་ཀྱི་འབད་བཞག་ཡྫོད་པའི་ཕྫོ།
femoral artery;རྐང་ར།;དྫོན་ཧིང་ནང་ལས་རྐང་མའི་ནང་ལུ་   ཁྲག་བཀྲམ་སྤེལ་འབད་མི་
femur;བརླད་དྫོ་རུ་ཏྫོ།;བརླད་དྫོའི་རུ་ཏྫོ་འདི་ གཟུགས་ཀྱི་རུ་ཏྫོ་གྲལ་ལས་ རིང་ཤྫོས་  གག་ཨིན།
ferrule;ལྕགས་ཤན།;སྫོ་སྒྲིང་སྒྲི་འབད་བཞག་ིའི་དྫོན་ལུ་   སྫོའི་གུ་རྐྱབ་པའི་ལྕགས་
fertile;སྐྱེ་ནུས་ཅན།;ཨ་ལུ་སྐྱེས་ིའི་ནུས་པ་ཡྫོད་པ།
fertilization;སྐྱེ་སྫོན་སྦྱྫོར་བ།;ཕྫོ་མྫོའི་སྫོན་གགག་ཁར་སྦྱྫོར་བ།
feticide;མངལ་གསད།;མངལ་ནང་ཆགས་སྟེ་ཡྫོད་པའི་ཨ་ལུ་  མངལ་ནང་ར་གསད་པ།
fetid;དྲི་དུག;དྲིམ་དུག་དྲག
fibroid;མངལ་རྡྫོག;མངལ་ན་ཆགས་པའི་སྐྲན་རྡྫོག
fibula;ངར་གདྫོང་རུ་ཏྫོ;ངར་གདྫོང་གི་གདྫོང་ཁའི་རུ་ཏྫོ།
fill;བསུབ་ི།;སྫོ་ལ་སྫོགས་པ་  འབུབ་ཀྱིས་བོའ་སྟེ་  ཧྫོག་ཀ་བཏྫོན་ཡྫོད་མི་
filling;སྫོ་བསུབ།;ས་དྫོང་ཐྫོན་ཡྫོད་མི་ཚུ་བསུབ་པ།
filter;བཙག་ཆས།;ཆུ་ནང་ལུ་ཡྫོད་པའི་  རག་རྫོག་བཙག་ིའི་  ཧྫོད་ཆས་གག
finger;མཛུབ་མྫོ།;ལག་པའི་མཛུབ་མྫོ།
finger nail;སེན་མྫོ།;ལག་པའི་སེན་མྫོ།
fissure;གག་གགཔ།;ཁ་གག་གགཔ།
flatus;ཕྱེན།;ཕྫོཝ་ནང་གི་རླུང་ཨ་བུག་ནང་ལས་བཏྫོན་གཏང་མི།
fleas;ཀི་ཤིག;མི་དང་སེམས་ཅན་གྱི་གཟུགས་ཁར་སྫོད་ཞིནམ་ལས་ཁྲག་
flesh wound;རྨ།;གཟུགས་ཀྱི་ལྤགས་ཀོ་གཅད་པ་  ཡངན་  བཏྫོག་པ་  ཡངན་
flog;བརྡུང་རྫོབས་འབད་ི།;བརྡུང་རྫོབས་འབད་ི།
flogging;ཞག་བརྡུངས།;ཤུགས་སྦེ་རང་བརྡུངས་ི།  ཡར་ལྫོངས་མེདཔ་སྦེ་བརྡུང་ི།
fluid;གསར་ཁུ།;གཟུགས་ནང་གི་  ཁྲག་དང་ཆུ་ལ་སྫོགས་པའི་  ཁུ་བ་གི་རིགས།
fluoridation;སྫོ་སྲུང་སན་སྦྱྫོར།;སྫོ་འབུབ་ཀྱིས་ོ་ི་དང་  རུལ་ི་ལས་  སྲུང་ཐབས་ལུ་ཆུ་ནང་
fluoride;སྫོ་སྲུང་སན།;སྫོ་འབུབ་ཀྱིས་ོ་ི་དང་  རུལ་ི་ལས་  སྲུང་ཐབས་ལུ་འཐུང་
flush;བཤལ་གཏང་བ།;ཆུ་གིས་བཤལ་གཏང་ི།
fontanel;སྫོགམ།;ཨ་ལུ་རྨས་སྐྱེས་ཚུ་གི་གདྫོང་ཁ་ཐུག་གི་མགུ་ཏྫོ་གུ་ཐྫོས་པའི་རུ་
food;བཞེས་སྒོ།;ོ་ི་གི་ལྫོའི་མིང་།
food stuff;བོའ་ཆས།;བཞེས་སྒོ་འབད་ིའི་  ཆུམ་དང་ཚྫོད་བསྲེ་ལ་སྫོགས་པ།
foot;རྐངམ།;ལམ་འགྱོ་ིའི་དྫོན་ལུ་  ལག་ལེན་འཐབ་པའི་གཟུགས་ཀྱི་ཡན་
forceps;སྐམ་པ།;དེ་ལུ་  འཛིནམ་ཟེར་ཡང་སླབ་ཨིན།
forearm;ལག་ངར།;ལག་པའི་མགུ་ཏྫོ་དང་  ཀི་ལི་གི་བར་ནའི་  ལག་པའི་ཆ་ཤས།
forefinger;མཛུབ་མྫོ།;ཨམ་མཐེ་བྫོངམ་གི་སྫོ་ལྫོག་ཁར་ཡྫོད་མི་གི་མཛུབ་མྫོ།
forehead;དཔྱལཝ།  ཐྫོདཔ།;གདྫོང་གི་དཔྱལཝ་  མིག་ཏྫོ་ཡན་ཆད་དང་  སྐྱ་མཚམས་མན་
fragility;ཆག་ཉེན།;འཇམ་ཏྫོག་ཏྫོ་སྦེ་  ཆག་ི་གི་ཉེན་ཁ་ཡྫོདཔ།
frailty;མམས་ཐག;གཟུགས་ཀྱི་སྫོབས་མམས་ཏེ་  འུ་སྡུག་པ།
fresh;གསརཔ།;ནད་གཞི་གསརཔྫོ་བཏབ་མི།  རྨ་ གསརཔ་བཏྫོན་མི་སྫོགས།
fresh cut;རྨ་ གསར་སན་བཅོས།;རྨ་ གསརཔྫོ་བཏྫོན་ཡྫོད་མི་ཚུ་གུ་  སན་དབུར་ི་དང་  རྨ་ རས་
frigidity;འདྫོད་ཆགས་མེདཔ།;ལུས་འབྲེལ་འབད་ིའི་འདྫོད་པ་མེད་པའི་ཨམ་སྲུ།
frons;དཔྱལཝ།;མིག་ཏྫོ་ཡན་ཆད་དང་སྐྱ་མཚམས་མན་ཆད་ཀྱི་གདྫོང་གི་ཆ་ཆས།
fungal;ཧམ་སྤུའི།;ཧམ་སྤུའི་གནྫོད་པ་ས་བུ།
fungicide;ཧམ་འཇོམས་སན།;ཧམ་སྤུ་བཏགས་མ་བཅུག་ི་དང་ བཏག་སྟེ་ཡྫོད་མི་ཚུ་མེདཔ་  བོྫོ་བའི་སན།
fungus;ཧམ་སྤུ།;ཧམ་བཏགས་ཏེ་སྐྱེ་བའི་སྤུ།
fur;ལྕེ་དྲེག;ལྕེ་གུ་ཆགས་པའི་དྲེག་པ།
gaga;དྲན་མམས།;མི་རྒསཔ་ད་  དྲན་པ་མ་གསལཝ་འགྱོ་ི།
galactischis;ཨོམ་བཀག;ཨོམ་ཐྫོན་ི་བཀག་པ།
galactorrhes;ཨོམ་ལུད།;ཨོམ་ཚད་ལས་བརྒལ་ཏེ་ཐྫོན་ཏེ་  བཀག་མ་ཚུགས་པར་  རང་
garbage;ཕྱགས་སྙིགས།;མ་དགོ་པའི་ཅ་ཆས་དང་རག་རྫོག་སྫོགས།
gash;རྨ་ གཏིང་རིངམྫོ།;པགས་ཀོ་རྐྱངམ་གགག་སྤྱིག་སྤྱིག་མེན་པར་   ཤ་བཏྫོག་སྟེ་   རུ་
gastralgia;ཕྫོཝ་ན་ཟུག;ཕྫོཝ་ལུ་ཕྫོག་པའི་ན་ཟུག
gastrobrosis;ཕྫོཝ་དྫོང་།;ཕྫོཝ་ནང་  དྫོང་ཐྫོན་པ།
gastrocnemius;གྱིད་ར།;རྐང་མིའི་གྱིག་ཐག་གི་ར།
gastroenteritis;ཕྫོཝ་སྫོ་ན་ཚ།;ཕྫོཝ་སྫོ་པའི་ཁར་  ན་ཟུག་རྐྱབ་སྟེ་  ན་བའི་ན་ཚ་གག
gastrorrhagia;ཕྫོཝ་ཁྲག;གནྫོད་རྐྱེན་དང་  ནད་གཞི་གང་རུང་ལུ་བརྟེན་ཏེ་  ཕྫོཝ་ནང་ན་ ཤྫོར་བའི་ཁྲག
gastrosis;ཕྫོཝ་ནད།;ཕྫོཝ་དང་འབྲེལ་བའི་  ནད་གཞི་སྤྱིར་བཏང་།
gender;ཕྫོ་མྫོའི་དབྱེ་བ།;དེ་ལུ་རྟགས་ཀྱི་དབྱེ་བ་ཟེར་ཡང་སླབ་ཨིན།
gene;རིགས་སྫོན།;རང་ར་སྫོ་སྫོའི་ རིགས་ཁུངས།
genital;མཚན་མ།;ཕྫོ་མྫོའི་མཚན་མ།
gent;ཕྫོ།;ཕྫོ་རྒྱས་ཀྱི་སྤྱི་མིང།
germs;ནད་འབུབ།;ནད་གཞི་བཀལ་མི་གི་ཕ་འབུབ།
gibbous;བྱ་ལག་ཅན།;ལག་ཀོ་མགུ་  གླང་གི་བྱ་ལག་བཟུམ་ཡྫོད་པ།
gibbous;བྱ་ལག་ཅན། ;ལག་ཀོ་མགུ་    གླང་གི་བྱ་ལག་བཟུམ་ཡྫོད་པ།
giddiness;མགུ་གཡུ་འཁོར་ ནད།;མགུ་ཡུ་འཁོར་ཏེ་ན་བའི་ན་ཚ།
gingiva;སྫོའི་རྙིའུ།;སྫོ་སྐྱེས་སའི་ཁའི་ཆ་ཤས།
gingiva;སྫོའི་རྙིའུ། ;སྫོ་སྐྱེས་སའི་ཁའི་ཆ་ཤས།
gingivitis;རྙིའུ་ནད། ;སྫོའི་རྙིང་སྫོ་ི་དང་   ཚ་ཤུགས་རྐྱབ་སྟེ་ན་བའི་ན་ཚ་གག
gland;ར་རྡགྫོ ;གཟུགས་ལུ་དགོ་པའི་ཁུ་བ་འཐྫོན་སའི་ར་ལམ་གག
glanders;རྟ་ནད། ;མི་ལུ་འབུ་ི་གི་ཉེན་ཁ་ཡྫོད་པའི་    རྟའི་ནད་གཞི་གག
glass/glasses;མིག་སལ།;མིག་ཏྫོ་སེལ་ཏྫོག་ཏྫོ་སྦེ་  མ་མཐྫོང་མི་ཚུ་དང་།  མིག་ཏྫོ་ཉི་མའི་
gleets;ཆུ་སེར།;རྨའི་ནང་ལས་  ཐྫོན་པའི་ཆུ་སེརཔྫོ།
gleets;ཆུ་སེར།;རྨའི་ནང་ལས་    ཐྫོན་པའི་ཆུ་སེརཔྫོ།
glomerulonephritis;མཁལ་རྡྫོག་ནད། ;མཁལ་རྡྫོག་དང་འབྲེལ་བའི་སྤྱིར་བཏང་ནད་གཞི།
glossa;ལྕེ།;དྲྫོཝ་གི་ཚྫོར་བ་ཡྫོད་པའི་ཁར་  བྫོ་སླབ་ིའི་དྫོན་ལུ་  མཁོ་བའི་
glossalgia;ལྕེ་ཟུག;ལྕེ་ལུ་ཕྫོག་པའི་ན་ཟུག
glossitis;ལྕེ་ཚ་ཤུགས།;ལྕེ་གུ་ཕྫོག་པའི་ཚ་ཤུགས།
glottis;གྲེ་ཁུང་བར་སྫོང་།;སྒྲའི་སྐྱེ་གནས་ཀྱི་བར་ིའི་ས་སྫོང་།
glucohemia;ཁྲག་གི་མངར་ཆ། ;ཁྲག་ན་ལུ་ཡྫོད་པའི་གུ་རམ་གྱི་ཆ་ཤས།
glucose;གུ་ལུ་ཀོས།;གཟུགས་ལུ་ཕན་པའི་ོས་བཅུད་དྲྫོཝ་མངརམྫོ་སྦེ་ཡྫོད་མི་གག
gooseflesh;སྤྫོ་རྫོ།;གྱངམ་ད་གཟུགས་ཁར་འཐྫོན་པའི་སྤྫོ་རྫོ།
gout;ཚིགས་ནད།;ཚིགས་ནད་ཟེར་ རྐང་ཚིགས་དང་ ལག་ཚིགས་ཀྱི་ན་ཚ་འདི་ གཙྫོ་བྫོ་ གཟུགས་ནང་ལུ་ཡྫོད་པའི་ ཡུ་རིཀ་ཨེ་སིཌི་(uric acid)  ཆ་སྙོམས་ཏྫོག་ཏྫོ་སྦེ་  སྤེལ་མ་ཚུགས་མི་ལུ་བརྟེན་ཏེ་
graze;སྤྱི་རྨ།;པགས་ཀོ་སྤྱིག་སྟེ་བཏྫོན་མི་གི་རྨ།
griping;ཕྫོ་བའི་ན་ཟུག;གློ་བུར་དུ་བྱུང་བའི་ཕྫོཝ་གི་ན་ཟུག   གློ་བུར་དུ་ཕྫོཝ་གི་རྩྭ་སྒྲིལ་
growing pains;སྫོམ་ཟུག;ཨ་ལུ་ཚུ་གཟུགས་སྫོམ་འགྱོཝ་ད་   རྐང་ལག་མགུར་འབྱུང་བའི་
gullet;ལྫོ་ལམ།;ལྐོད་མའི་དུང་ཅུ།  ཁ་དང་ཕྫོཝ་གི་བར་ན་  ལྫོ་འགྱོ་སའི་དུང་ཅུ།
gum;སྫོའི་ཉིའུ།;སྫོ་སྐྱེས་སའི་ཁའི་ནང་གི་ཆ་ཤས།
gut;རྒྱུ་མ། ནང་ཁྲོལ། གཟུགས་ཁར་ལུ་དགོ་པའི་བཞེས་སྒོའི་བཅུད་འཐྫོན་ཚར་མི་གི་ བཞེས་སྒོ་མ་དགོ་མི་ཚུ་;ཆབ་གསང་རྒྱས་པ་སྦེ་ཕྱི་ཁར་བཏྫོན་
hacking cough;སྐམ་གློ།;གློ་ཚིལ་སྫོགས་ག་ི་ཡང་  ཐྫོན་ི་མེད་པར་འབར་བའི་གློ།
haematology;ཁྲག་བརྟག་རིག་པ།  ཁྲག་བརྟག་དཔྱད་འབད་ཐངས་ཀྱི་སྐོར་ལས་;ལྷབ་པའི་ཆོས་
hair;སྐྱ།  སྤུ།;མགུ་ཏྫོ་ཁ་གི་སྐྱ་དང་གཟུགས་གུ་སྐྱེས་མི་གི་སྤུའི་རིགས།
hallucination;འཁྲུལ་སྣང་།;གོང་འཁོད་གནད་དྫོན་གང་རུང་ལུ་བརྟེན་ཏེ་ བྱུང་བའི་སེམས་ཀྱི་ འཁྲུལ་སྣང་།
hamstring;སྒྱིད་ར།;སྒྱིད་ཐག་གི་ར་གག
handkerchief;ལྷབ་ཕྱིས།;ལྷབ་ཕྱག་ི་གི་ལྷབ་ཕྱིས།
hard drug;སན་ཤུགས་ཅན།;ཤུགས་ཡྫོད་པའི་སན་རིགས།
harelip;ཁ་ཤྫོ་རལ།;ཁའི་ཡ་མཆུ་དང་མ་མཆུ་གང་རུང་  རལ་ཡྫོད་མི།
hay fever;གཡའ་ནད།;ཐལཝ་གིས་སྦེ་  མིག་ཏྫོ་དང་ལྷ་པ་  ལྐོདམ་ཚུ་  གཡའ་བའི་  ནད་གཞི་གག
head;མགུ་ཏྫོ;གཟུགས་ཀྱི་ཡན་ལག་མགུ་ཏྫོ
health club;འཕྫོད་བསྟེན་ཚྫོགས་ གཟུགས་ཁམས་བདེ་ཏྫོག་ཏྫོ་སྦེ་བཞག་ཐབས་ལུ་;ལུས་སྦྱྫོང་
healthily;སྒྲིང་སྒྲི་སྦེ།;གཟུགས་ཁམས་སྒྲིང་སྒྲི་སྦེ་སྫོདཔ་མས།
hearse;རྫོ་འཁོར།;རྫོ་འབག་མི་གི་འགྲུལ་འཁོར།
heart;དྫོན་ཧིང་། སྙིང་།;དྫོན་ཧིང་འདི་  ར་མང་རབས་གགག་  གགག་ཁར་བསྡུ་བ་ལས་
heart ach;སྙིང་ནད།;ན་ཚ་མིན་པའི་སེམས་ཀྱི་སྡུག་བསྔལ་དང་ཚ་གྱང་།
heart beat;ཧིང་འཕར།;དྫོན་ཧིང་འཕར་ཚད་ཀྱི་གྱང་ཁ།
heat;དྲྫོད།  ཚ་དྲྫོད།;དྲྫོད་ཚ་ཧེང༌།  ཚ་དྲགས་  ཡངན་   བསིལ་དྲགས་ཟེར་དྫོ་
heat stroke;དྲྫོད་བརྒྱལ།;ཚ་དྲྫོད་ལུ་བརྟེན་ཏེ་   བརྒྱལ་བའི་ནད་གཞི་འདི་གཙྫོ་བྫོ་    ཕྱི་
heel;རྟིངམ།;རྐང་མའི་མིག་ཅུང་དང་རྒྱ་ལེབ་ཀྱི་བར་ན་ཡྫོད་པའི་རྐང་མའི་ རྒྱབ།
height;རིང་ཚད།;གཟུགས་ཀྱི་རིང་ཐུང་གི་ཚད།
hemopathy;ཁྲག་ནད།;ཁྲག་དང་འབྲེལ་བའི་ནད་གཞི།
hemotherapy;ཁྲག་བཅོས།;ཁྲག་ལག་ལེན་འཐབ་ཐྫོག་ལས་ནད་གཞི་བཅོས་ཁ་རྐྱབ་པའི་  སན་བཅོས།
hepatic;མཆིན་པའི།;མཆིན་པ་དང་འབྲེལ་བའི་ཟེར་བའི་དྫོན།
hepatopathy;མཆིན་ནད།;མཆིན་པ་དང་འབྲེལ་བའི་ནད་གཞི།
heroin;ཧི་རྫོ་ཡིན།;སྫོས་རས་གག་གི་མིང་།
hip;དཔྱི་སད།;རྐེདཔ་དང་ རླད་དྫོའི་བར་ན་  རླད་དྫོའི་དང་ཁོད་སྫོད་མཐུད་ས།
hip bone;དཔྱི་སད་རུ་ཏྫོ།;དཔྱི་སད་ཀྱི་རུ་ཏྫོ།
hoof;རྨིག;རྐང་མའི་མིག་ཅུང་།
hookworm;ནད་འབུབ་ཀོ་ཀྲ།;ནད་གཞི་བཀལ་མིའི་འབུབ་ཀོ་ཀྲ།
hospital;སན་ཁང་།;དྲུང་འཚྫོ་དང་སན་གཡྫོགཔ་ཚུ་གིས་  གཟུགས་ལུ་ན་ཚ་ཕྫོག་
hot water bag;དྲྫོད་ཕྫོད།;ནང་ན་ཆུ་ཚྫོན་བླུགས་ཏེ་   མལ་ཆའི་ནང་དྲྫོད་བཏག་ི་གི་དྫོན་ལུ་
hour;ཆུ་ཚྫོད།;དུས་ཚྫོད་ཀྱི་ཚད་གག་ཨིན།  ཆུ་ཚྫོད་གགག་ནང་སྐར་མ་༦༠ཡྫོད།
hourly;ཆུ་ཚྫོད་རེ་རེའི།;ཆུ་ཚྫོད་རེ་རེ་ལུ་ཡངན་  ཆུ་ཚྫོད་རེ་རེ་བཞིན་ལུ།  དཔེར་ན་  སན་
humerus;དའིང་རུས།;ཀི་ལི་དང་ཕྱག་ལག་གི་བར་ནའི་རུ་ཏྫོ།
hydrogen;ཆུ་རླུང་།;ཆུའི་རས་ཆ་ཡྫོད་པའི་རླུང་།  ཆུ་རླུང་དཔྱ་༢དང་  སྫོག་རླུང་དཔྱ་
hydrophobia;ཆུ་འདྲྫོག;ཆུ་ལུ་འདྲྫོག་པའི་ནད་གཞི།
hymen;གསང་དར།;བུམྫོ་ལུས་འབྲེལ་མ་འབད་མི་ཚུ་གི་སྟུ་ལམ་གྱི་ཤ་ཁེབས་སབ་   ཤྫོག་ཤྫོ།
hyperpersis;ཚད་བརྒལ་ཁྲག་;ཁྲག་ཤུགས་ཚད་ལས་བརྒལ་ཏེ་ཡྫོད་པ།
hypochondria;ན་བའི་སྣང་བ།;གཟུགས་མ་ན་རུང་  ནཝ་བཟུམ་མའི་སྣང་བ་ཤར་བའི་ནད་གཞི།
ice;ཁྱེགས།;བསིལ་ལུ་བརྟེན་ཏེ་  ཆུ་ཁྱེགས་ཏེ་ཆགས་མིའི་ཁྱེགས།
ichor;རྨ་ ཆུ།;རྨའི་ནང་ལས་འཐྫོན་པའི་ཆུ།
ichthyosis;གསྫོབ་ལྤགས།;གསྫོབ་ལངས་པའི་ཨ་ལུའི་གཟུགས་ཀྱི་པགས་ཀོ།
icthyophobia;མ་འདྲྫོག;མ་ལུ་འདྲྫོག་པའི་ན་ཚ།
immunology;ནད་བཀག་རིག་པ།  ནད་བཀག་རིག་པ་ཟེར་མི་འདི་;གསྫོ་བ་རིག་པའི་ནང་གསེས་
impression room;སྫོ་པར་ཁང་མིག;སྫོ་ཚབ་བཙུགས་ིའི་དྫོན་ལུ་  སྫོའི་པར་ལེན་སའི་ཁང་མིག
impurity;བསྲེ་ལྷད།;ཁམས་ལྫོགས་སི་སི་འམ་གཟུགས་ཁམས་ལུ་གནྫོད་པའི་རས་
incisors;གདྫོང་སྫོ།;གདྫོང་ཁའི་སྫོ།   སྫོའི་ནང་ལས་སྐྱེསཝ་ཧ་ཤྫོས་གག་ཨིན་པའི་སྫོ།
incrustation;རྨ་ པགས།;རྨའི་གུར་ཆགས་པའི་པགས་ཀོ།  རྨའི་པགས་ཀོ།
incubation;ནད་བཏབ་དུས་ཡུན། ནད་འབུབ་གཟུགས་ན་འཛུལ་ཚར་ཞིནམ་ལས་;ནད་གཞི་ལུ་
indolent;ལེ་ལྫོ་ཅན།;ལཱ་ག་ི་ཡང་འབད་མ་ནུམ་མི།   དེ་ལུ་སྒྱིད་ངན་དྲགས་ཟེར་ཡྫོང་
infant;ཨ་ལུ།  བྱིས་པ།;སྐྱེས་ཞིནམ་ལས་  ལྫོ་ངོ་ལྔའི་འྫོག་གི་ཨ་ལུ།
infantilism;ཡར་སྐྱེས་མེདཔ།;སྫོམ་ི་མེདཔ།
infertility;སྐྱེ་ནུས་མེད་པ།;ཨ་ལུ་སྐྱེ་ི་མེདཔ།
infuse;བཙུགས་ི།;ཁབ་ལ་སྫོགས་པ་ལུ་བརྟེན་ཏེ་སན་བཙུགས་ི།
ingravescent;སྐྱོ་སུ།;འགྲོས་ཀྱིས་གཏང་སྟེ་སྐྱོ་སུ་འགྱོ་བ།
inhalation;དབུགས་ལེན་པ།;དབུགས་ལེན་ི།
inhale;དབུགས་ལེན་ི།;དབུགས་ནང་ན་ལེན་ི།
inhaler;དབུགས་སན།;བུང་བཀག་ནད་ལུ་ཕན་པའི་  སན་གག
injection;སན་ཁབ།;གཟུགས་ཁར་སན་ཆུ་སྦེ་ཡྫོད་མི་ཚུ་  བཙུགས་ི་གི་ཁབ།
inlay;སྫོ་སུབ།;འབུབ་གིས་ོ་སྟེ་ཡྫོད་པའི་  སྫོའི་ནང་གི་ཧྫོག་ཀ་སུབ་པ།
inoculation;ནད་ཐུབ་སན་བཅོས། ནད་གཞི་གང་རུང་ལས་;བཀག་ཐབས་ཀྱི་དྫོན་ལུ་རྐྱབ་པའི་ སན་བཅོས།
in-patient;ནང་སྫོད་ནདཔ།;སན་ཁང་ནང་རང་སྫོད་དེ་   སན་བཅོས་འབད་མི་གི་ནདཔ།
inquest;རྫོ་དཔྱད།;ག་དེ་སྦེ་ཤི་ཤིཝ་ཨིན་ན་བརྟག་དཔྱད་འབད་ིའི་དྫོན་ལུ་   གསྫོ་
instep;རྐང་མའི་ཝ།;རྐང་མའི་འྫོག་གི་ཆ་ཤས།
instrument;ལག་ཆས།;སན་བཅོས་ཀྱི་དྫོན་ལུ་མཁོ་བའི་ལག་ཆས།
insulin;རྒྱུ་མེན་གསར་ཁུ།;ཁྲག་ནང་གི་གུ་རམ་གྱི་ནད་འཛིན་མི་གག
internal;ནང་ན།;གཟུགས་ཀྱི་ནང་ན་སྐྱོན་སྫོམ་ཕྫོག་ནུག་ཟེར་དྫོ་བཟུམ་ནང་ན་གི་  དྫོན་ཨིན།
intoxicate;ར་བཟི་ི།;ཆང་དང་སྫོས་རས་གང་རུང་གིས་  ར་བཟི་ི།
inunctions;ཧུམ་འཕུར།;ཕྱི་གཟུགས་གུ་ཧུམ་འཕུར་རྐྱབ་པ།
inveterate;བཅོསཔ་ལཱ་ཁག;བཅོས་ཁ་རྐྱབ་ཚུགས་པར་ལཱ་ཁག་ཡྫོད་པ།
iophobia;དུག་འདྲྫོག;དུག་ལུ་གནམ་མེད་ས་མེད་འདྲྫོག་པ།
itch;གཡའ་ི།;གཟུགས་གཡའ་ི།
itchy;གཡའ་མུར་མུར།;གཟུགས་གཡའ་མུར་མུར་འབད་བ།
ja lap;བཤལ་སན།;ཆབ་གསང་བསམས་པའི་སྐབས་ལུ་   ཆབ་གསང་བཤལ་གཏང་
jaundice;མཁྲིས་ནད།;མཁྲིས་ནད་འདི་འཐྫོབ་པའི་རྟགས་མཚན་ཚུ་ཡང་   མིག་ཏྫོ་དང་
jet lag;གནམ་ནད།;གནམ་གྲུ་ནང་ལུ་    འགྲོ་འགྲུལ་འབད་བའི་སྐབས་ལུ་    མ་
joint;ཚིགས།;རྐང་ཚིགས་དང་ལག་ཚིགས།  ཚིགས་ཚུ་གཙྫོ་བྫོ་  གཟུགས་ཀྱི་
kiss;འུ།;ཁ་མཐུད་པ།   ནད་གཞི་ལ་ལུ་གགག་   འུར་བཀལ་མི་ལུ་བརྟེན་ཏེ་
knee;འིས་མྫོ།;རྐང་པའི་ངར་གདྫོང་དང་ བརླད་དྫོ་གགག་ཁར་མཐུད་མིའི་ ཚིགས་ཏྫོ།
lab;བརྟག་དཔྱད་ཁང་།;ཁྲག་དང་ཆབ་གསང་རྒྱས་སྡུད་གཉིས།  དེ་ལས་  ཚིལ་མ།  གློ་ཚིལ་
laboratory;བརྟག་དཔྱད་ཁང་།;ཁྲག་དང་ཆབ་གསང་རྒྱས་སྡུད་གཉིས།  དེ་ལས་  ཚིལ་མ་  དང་  གློ་
labour;སྐྱེ་ི།;ཨ་ལུ་སྐྱེ་ི།
labour pain;སྐྱེ་ཟུག;ཨ་ལུ་སྐྱེ་བའི་སྐབས་ལུ་རྐྱབ་པའི་ན་ཟུག
lacerate;གཅད་ི།;ཕྱིའི་དངོས་པྫོ་གང་རུང་ལུ་བརྟེན་ཏེ་  གཟུགས་ཀྱི་ཡན་ལག་གང་རུང་གི་
lame;ཞབྫོ།;རྐྱེན་ངན་ཕྫོགས་མི་  ཡངན་  ནད་གཞི་གང་རུང་ལུ་བརྟེན་ཏེ་  རྐངམ་
lanky;སྐམ་ཀྲ་ལ།;གཟུགས་ཁར་ ཤ་མམས་་མེད་པར་ཕྱ་སི་སི་ཨིན་པའི་ཁར་ གཟུགས་ རིངམྫོ་འབད་མི་གི་མི།
lash;མིག་རྫིམ།;མིག་ཏྫོ་གི་མཐའ་སྐོར་ཏེ་སྐྱེས་ཡྫོད་པའི་སྤུ་ཚུ་ལུ་སླབ་ཨིན།   མིག་རྫིམ་
latrine;གསང་སྫོད།;ཆབ་གསང་རྒྱས་པ་དང་བསྡུས་པ་གཏང་སའི་ས་ཁོངས།
lavatory;གསང་སྫོད།;ཆབ་གསང་རྒྱས་པ་དང་བསྡུས་པ་གཏང་སའི་ས་ཁོངས།
left hand;ལགཔ་གཡྫོནམ།;ལགཔ་གཡས་གཡྫོན་གཉིས་ལས་གཡྫོནམ།
leg;རྐངམ།;ལམ་འགྱོ་ིའི་དྫོན་ལུ་མཁོ་བའི་  གཟུགས་ཀྱི་ཡན་ལག་རྐངམ།
leper;མམ་ནད་ཅན།;མམ་ མམ་ནད་ཡྫོད་མི་གི་མི། ནད་ཡྫོད་མི།
life span;མི་ཚེ།  ཚེ་ཚད།;མི་ཚུ་གིས་སྫོད་ཚུགས་པའི་ལྫོ་ཚད།
life support;ཚེ་སྐྱོར་འཕྲུལ་ཆས།;དབུགས་གཏྫོང་ལེན་འབད་མ་ཚུགས་པའི་ནདཔ་ཚུ་  མ་ཤི་བར་བཞག་
ligament;སྦྱེལ་ར།;རྐང་ཚིགས་དང་ལག་ཚིགས་གི་རུ་ཏྫོ་གགག་ཁར་སྦྱེལ་བཞག་མི་གི་ར།
limb;རྐང་ལག;གཟུགས་ཀྱི་ཡན་ལག་རྐངམ་དང་ལགཔ་ཚུ།
linctus;ལིནཀ་ཊཱས།;གློ་སན་གྱི་རིགས་གག
lip;མཆུ།;ཁའི་ཡམ་མཆུ་མ་མཆུ།
liposuction;ཚིལ་བཞུ།;མམས་ལེ་ཤ་ཡྫོད་མི་ཚུ་ ཚིལ་ལུ་མར་ཕབ་རྐྱབ་ི་གི་དྫོན་ལུ་  ཚིལ་ལུ་ བཞུ་བཅུག་པའི་དྫོན།
liquid;གསར་ཁུ།;ཆུ་དང་སྣུམ་བཟུམ།
list;ཐྫོ།;ནད་པའི་ཐྫོ། སན་གི་ཐྫོ་ཟེར་དྫོ་བཟུམ།
litter bin;ཕྱགས་སྣྫོད།;ཕྱགས་སྣྫོད་བཀོག་སའི་ཧྫོད།
little finger;མཛུབ་ཅུང་།;ལག་པའི་མཛུབ་མྫོ་ལྔ་ལས་   མཐའ་མར་ཡྫོད་པའི་མཛུབ་མྫོ་ཕྱི་སི་སི།
live;སྫོད་ི།;འཚྫོ་ི། མ་ཤི་བའི་དྫོན། གསྫོན་ི།
living;གསྫོན་པྫོ།;མ་ཤི་བའི་དྫོན།
lock jaw;མ་འཁེལ་བསམ་ནད། ར་སྐུམ་གྱི་ནད་གཞི་ལུ་བརྟེན་ཏེ་;མ་འཁེལ་བསམས་ཏེ་ཁ་བརྒྱང་མ་ ཚུགས་པའི་ནད་གཞི།
long sighted;རྒྱང་གཟིགས་ཅན།;ཐག་རིང་སར་མཐྫོང་ཚུགས་མི།
lotion;བྱུག་སན།;གཟུགས་ཀྱི་པགས་ཀོ་ལུ་གནྫོད་སྐྱོན་བཀག་ཐབས་འབད་ི་དང་
lunacy;འཆོལ་ར།;འཆོལ་ སེམས་ཁམས་ཀྱི་ནད་གཞི་ཡྫོད་མི་ལུ་བརྟེན་ཏེ་    འཆོལ་ི་གི་རྟགས་
lunatic;འཆོལ་ལྫོང་།;སེམས་ཁམས་ཏན་ཏན་མེད་པའི་མི།
mad man;འཆོལ་ལྫོང་།;སེམས་གནས་པ་མེད་པའི་ཕྫོ་རྒྱས།
mad woman;འཆོལ་ལྫོངམ།;སེམས་གནས་པ་མེད་བའི་ཨམ་སྲུ།
madness;འཆོལ་བ།;སེམས་གནས་པ་མེདཔ་འགྱོ་བ།  སེམས་ཏན་ཏན་མེདཔ་འགྱོ་བ།
male;ཕྫོ།;དེ་ལུ་ཕྫོ་རྒྱས་ཟེར་ཡང་སླབ་ཨིན།
malignomy;སྐྲན་རྡྫོག;སྐྲན་ནད་ལུ་འགྱུར་བའི་ར་རྡྫོག
mania;འདྫོད་ཤུགས།;འདྫོད་པ་ཤུགས་སྦེ་ཡྫོད་པ།  ལཱ་ག་ག་གག་འབད་ི་གི་འདྫོད་པ་ཤུགས་
mark;ཤུལ།;རྨ་ ལ་སྫོགས་པ་བཏྫོན་བའི་བཤུལ་ལུ་ལུས་པའི་ཤུལ།
mastitis;ཨོམ་ནད།;ཨམ་སྲུའི་ཨོམ་དམརཔྫོ་འགྱོ་བའི་ཁར་  སྫོ་སྟེ་ན་ཟུག་རྐྱབ་པའི་  ན་ཚ་
masturbation;བརྡར་བརྡུང་།;བརྡར་བརྡུང་ི།
maxilla;རུས་འཐེབ།;ཐྫོད་རུས་དང་ལྷ་པའི་རུ་ཏྫོ།  མིག་རུས་ཚུ་ལུ་  ཚུལ་དང་མ་མཐུན་པའི་
medico;དྲུང་འཚྫོ།;སན་བཅོས་འབད་ིའི་སས་ཡྫོན་སྦྱང་ཡྫོད་པའི་མི།
membrane;སྐྱི་པགས།;གཟུགས་ཀྱི་ནང་ནའི་ ཆ་ཆས་གང་རུང་གི་ཕྱི་ཁར་ལས་ སྤུར་ཡྫོད་པའི་ ཤ་ དར་བཟུམ་འབད་མི་གག
memory;དྲན་པ།;མི་གི་དཔྱད་རིག་དང་  བཟུང་རིག་ལུ་སླབ་ཨིན།
microbe;ཕ་འབུབ།;མིག་གིས་མ་མཐྫོང་བའི་འབུབ།
microscopic;ཕ་གཟུགས་ཀྱི།;ཕ་མཐྫོ་སལ་གྱིས་བལ་དགོ་པའི་གཟུགས།
milk;ཨོམ།;ཨ་ལུ་བྱིན་ིའི་ ཨའི་གི་ཨོམ་དང་ བའི་ཨོམ།
mind;སེམས།;མནྫོ་བསམ་གཏང་ིའི་སེམས།
minor;ན་ཆུང་།;ལྫོ་དང་ན་ཚྫོད་མ་སྨིན་མི།  སྐྱེས་ལྫོ་  ༡༨  མན་ཆད་འབད་མིའི་ཨ་ལུ།
mortality;ཤི་ཚད་ཀྱི།;རྐྱེན་ངན་དང་  རྒྱུ་རྐྱེན་གང་རུང་ལུ་བརྟེན་ཏེ་   དུས་ཚྫོད་གག་ནང་ལུ་ཤི་
mouth;ཁ།;ཁ་སླབ་ི་དང་  བཞེས་སྒོ་ོ་སའི་གཟུགས་ཀྱི་ཡན་ལག
myrobalan;སན་ཨ་རུ་ར།;སན་རས་ན་ལུ་འགྱོ་བའི་ཤིང་གི་དྫོག་མ་གག་གི་མིང་།
nail;སེན་མྫོ།;རྐངམ་དང་ལག་པའི་སེན་མྫོ།
nail cutter;སེན་གྲི།;སེན་མྫོ་བཏྫོགས་ི་གི་ཅ་ཆས།
naked;སྒྱེན་མྫོ།;གཟུགས་ཁར་གོ་ལ་མེདཔ།
naked eye;མིག་རྐྱང་།;མིག་སལ་བཙུགས་མ་དགོ་པའི་མིག་ཏྫོ།
napkin;ལག་རས།;གོ་ལ་  ཡངན་  ཤྫོག་གུ་ལས་བོྫོ་བོྫོཝ་གི་ལགཔ་འཕྱག་ི་གི་ཅ་ཆས།
nappy;ཨ་གདན།;ཨ་ལུ་སས་སྐྱེས་ཚུ་གིས་ཆབ་གསང་གཏངམ་ད་བཟེད་ི་གི་དྫོན་ལུ་
natural;རང་བཞིན་གྱི།;རང་བཞིན་གྱིས་བྱུང་བའི་ན་ཚ་བཟུམ།
natural born;རང་བཞིན་གྱི་རིག་;ལྷབ་མ་དགོ་པར་  སྐྱེ་བའི་སྐབས་ལས་ར་  མམམ་གགག་ཡྫོད་པའི་རིག་
natural death;རང་བཞིན་ཤི་རྐྱེན།;ནད་དང་བར་རྐྱེན་ལུ་བརྟེན་ཏེ་མིན་པར་  རང་བཞིན་གྱིས་ཤི་བ།
nausea;ཁམས་ཕྫོག;ནད་གཞི་ལ་སྫོགས་པའི་ རྒྱུ་རྐྱེན་གང་རུང་ལུ་བརྟེན་ཏེ་ བཞེས་སྒོ་ ོ་ དགོ་མ་མནྫོཝ་འགྱོཝ་བ།
navel;ལྟེཝ།;གཟུགས་ཀྱི་ལྟེཝ།
navel string;ལྟེ་ཐག;ཨ་ལུ་སྐྱེ་བའི་སྐབས་ལུ་ལྟེཝ་ནང་ལས་ནར་ཏེ་ཡྫོད་མི་གི་ཆ་ཤས་   ཐགཔ་
neat;གཙང་ཏྫོག་ཏྫོ།;ཧིང་ ཁམས་དྭངས་ཏྫོག་ཏྫོ་དང་ ཧིང་སངས་ས་ཡྫོད་པའི་དྫོན། སངས་ས།
neck;ལག་ལྐོག;མགུ་ཏྫོ་དང་སྒལ་ཏྫོ་གཉིས་གགག་ཁར་མཐུད་པའི་གཟུགས་ཀྱི་ཆ་ཤས།
nectar;སྦྱང་།;མེ་ཏྫོག་གི་ཟིལ་མངར།
nerve;ར། ར་ཁམས།;གཟུགས་ཀྱི་ཡན་ལག་དང་ཀླད་པའི་བར་ན་ ཁྲག་བཀྲམ་སྤེལ་འབད་མི་ དང་བརྡ་འཕྲིན་བསྐྱལ་མི།
neuralgia;ར་ཟུག;ར་ལམ་བདའ་སྟེ་ན་ཟུག་རྐྱབ་མི་གི་ནད།
neurological;རའི།  ར་ཁམས་དང་ ར་ཁམས་དང་འབྲེལ་བའི་ནད་གཞི་ཟེར་དྫོ་བཟུམ་སྦེ་;ར་ཁམས་དང་
neurology;ར་ཁམས་རིག་པ།;དབང་རའི་མམས་ནད་ངོས་བཟུང་དང་  སན་བཅོས་ཀྱི་སྐོར་ལས་  ལྷབ་
neuron;ཀླད་འབྲེལ་ར་རྒྱུས།   གཟུགས་ཀྱི་ཡན་ལག་དང་ཀླད་པའི་བར་ན་;བརྡ་དྫོན་སྐྱེལ་མི་གི་ར་
neurotic;འདྲྫོག་ནད་ཀྱི།;འདྲྫོག་ི་གི་ནད་གཞི་སྐོར་ལས་སྫོན་པའི་ཚིག
new born;གསར་སྐྱེ།;ཨ་ལུ་གསར་སྐྱེ།
nicotine;གཏམ་ཁུ་ནང་གི་དུག་ གཏམ་ཁུ་དང་སྫོས་རས་ཚུ་ནང་ལུ་;སེམས་ལང་ཤྫོར་ཐལ་བཅུག་ི་གི་
nipple;ནུ་རྩེ།;ཨོམ་གྱི་སྤྱི་ཏྫོག
nit;སྫོ་མ།;ཤིག་གི་སྒོང་རྡྫོག
nose;ལྷ་པ།;དབང་པྫོ་ལྔ་ལས་  དྲི་ཚྫོར་མི་གི་དབང་པྫོ།
nosebleed;སྣ་ཁྲག;ལྷ་པ་ལས་འཐྫོན་པའི་ཁྲག
nourishment;འཚྫོ་ོས།;བཅུད་
numbness;ཚྫོར་མེད།;དྲན་ གཟུགས་པམ་ལེ་ལེ་འགྱོ་སྟེ་ ཚ་ི་གི་ཚྫོར་བ་མེདཔ་འགྱོ་བ། མམས།
nutritional;ོས་བཅུད་ཀྱི།;ོས་བཅུད་དང་འབྲེལ་བ་ཡྫོད་མི།  དཔེར་ན་  ོས་བཅུད་མཁས་མཆོག
obstetrics;སྐྱེ་གནས་རིག་པ།;སྐྱེས་རྒྱུན་དང་འབྲེལ་བའི་སྐོར་ལས་  སྐྱེ་གནས་མཁས་མཆོག་གི་
ocular;མིག་ཏྫོ་གི།;མིག་ཏྫོ་ མིག་ཏྫོ་དང་འབྲེལ་བའི་སན་བཅོས་ཟེར་དྫོ་བཟུམ། དང་འབྲེལ་བའི།
ointment;རྨ་ སན།  བྱུག་སན།;རྨའི་གུར་དབུར་ི་གི་སན།
opacity;གསལ་སྒྲིབ།;གསལ་ཏྫོག་ཏྫོ་མ་མཐྫོང་བའི་རང་བཞིན།
operating table གཤག་བཅོས་མལ་ཁྲི། ནདཔ་ཚུ་;གཤག་བཅོས་འབད་ི་གི་དྫོན་ལུ་;བཀལ་བཞག་
optic;མིག་ཏྫོ་གི།;མིག་ཏྫོ་ མིག་ཏྫོ་དང་མིག་ཏྫོ་གི་མཐྫོང་ཤུགས་དང་འབྲེལ་བའི་སན་བཅོས། དང་འབྲེལ་བའི།
optical unit;མིག་སལ་སྡེ་ཕན;མིག་ཏྫོ་གི་མཐྫོང་ཤུགས་ཡར་སེང་རྐྱབ་ི་གི་དྫོན་ལུ་མིག་སལ་   བོྫོ་སའི་སྡེ་ཕན།
optician;མིག་བཅོསཔ།;མིག་ མིག་ཏྫོ་གི་མཐྫོང་ནུས་  བརྟག་ཞིབ་འབད་ཞིནམ་ལས་  དེ་མཐུན་
ordure;ཨ་བ།  ཆབ་གསང་།;མི་དང་སེམས་ཅན་གྱི་ཨ་བ།
otoscope;རྣ་བརྟག་ཡྫོ་ཆས།;རྣམ་ཅོག་དང་འབྲེལ་བའི་ནད་གཞི་ཚུ་   བརྟག་དཔྱད་འབད་ི་གི་
out reach;གྲོང་གསེབ་སན་བཅོས་ གྲོང་གསེབ་ནང་ལས་ཕར་;གསྫོ་བའི་ཞབས་ཏྫོག་བྱིན་མི་གི་སན་
ovary;སྒོང་སྣྫོད།;ཨ་སྲུའི་མངལ་ནང་ལུ་  ཨ་ལུའི་སྫོན་ཆགས་ས།
pain;ཟུག  ན་ཟུག;ནད་གཞི་དང་ཕྱིའི་གནྫོད་རྐྱེན་གང་རུང་ལུ་བརྟེན་ཏེ་རྐྱབ་པའི་ཟུག
paleness;སེར་ཐང་ཐ།;གཟུགས་ཀྱི་བཀྱག་སེར་ཐང་ཐ་འགྱོ་བའི་ནད་གཞི་གག  ནད་གཞི་
palpitate;དྫོན་ཧིང་སྤར་ི།;དྫོན་ཧིང་ཨ་རྟག་དང་མ་འདྲཝ་སྦེ་སྤར་ི།
panacea;ནད་ཀུན་འཇོམས། ;སན་གག་གིས་ནད་ག་ར་ལུ་ཕན་པ།
pancreas;གསར་རྨེན།;བཞུ་བྱེད་དབང་པྫོ།  འཇུ་བྱེད་ཀྱི་གསར་ཁུའི་སྣྫོད།
pancreas;གསར་རྨེན། ;བཞུ་བྱེད་དབང་པྫོ།    འཇུ་བྱེད་ཀྱི་གསར་ཁུའི་སྣྫོད།
pandemic;ནད་ཡམས།;རྒྱ་ཆེ་བའི་ས་ཁོངས་དང་མི་ལེ་ཤ་གགག་ལུ་ཁྱབ་པའི་ནད།
pandemic;ནད་ཡམས།  ;རྒྱ་ཆེ་བའི་ས་ཁོངས་དང་མི་ལེ་ཤ་གགག་ལུ་ཁྱབ་པའི་ནད།
pap smear;ཚང་བརྟག;ཨམ་སྲུ་ཚུ་གི་བུ་ཚང་ནང་ལས་  ཤ་ཆུང་ཀུ་གགག་བཏྫོག་སྟེ་  ནད་
paralegic;སད་གྲིབ། ;ཁོད་སད་སྤར་མ་བཏུབ་འགྱོ་བའི་ནད།
paralytic;གོའ་ནད་ཕགྫོ;་པའི། ར་སྐུམ་ནད་དང་འབྲེལ་བའི་ནད་གཞི་ཟེར་དྫོ་བཟུམ་། ར་འཁུམ་ནད་ཀྱི།
paramedic;སན་གཡྫོག་འབད་ མི།;སན་བཅོས་ཀྱི་ལཱ་འབད་མི།
paraplegie;སད་གྲིབ་ཅན།  ;ཁོད་སད་སྤར་ི་མེད་འགྱོ་ཡྫོད་མི།
parasite;བརྟེན་ཆགས།;གཞན་ལུ་བརྟེན་པའི་སྲིན་འབུབ།
parentage;རིགས་རྒྱུད།  ;ཕ་མའི་རིགས་རྒྱུད།
parental;ཕ་མའི།;ཕམ་དང་འབྲེལ་བའི་ཟེར་བའི་དྫོན།
parental;ཕ་མའི། ;ཕམ་དང་འབྲེལ་བའི་ཟེར་བའི་དྫོན།
parenting ;ཕ་མའི་སྐྱོང་གཞག ;ཕ་མ་གིས་རང་སྫོའི་ཨ་ལུ་བདག་འཛིན་དང་འཛིན་སྐྱོང་འཐབ་པ།
paroxysm;ན་ཟུག་སྫོམ།;ན་བའི་ཟུག་ཤུགས་ཆེ་བ།
paroxysm ;ན་ཟུག་སྫོམ།;ན་བའི་ཟུག་ཤུགས་ཆེ་བ།
patella;འིས་མྫོ་ལྷ་ང།;སྤུས་མྫོ་འཁོར་ལྫོ།
pathological;ནད་བརྟག་རིག་པའི། ནད་བརྟག་རིག་པའི་ཆོས་ཚན་ཟེར་དྫོ་བཟུམ་;ནད་བརྟག་དང་
patient;ནདཔ།;གཟུགས་ལུ་ན་ཚ་ཕྫོག་ཡྫོད་མི།
patient;ནདཔ། ;གཟུགས་ལུ་ན་ཚ་ཕྫོག་ཡྫོད་མི།
penis;མཇེ།;ཕྫོ་མཚན་གྱི་མིང་།
peptic ulcer;རྒྱུ་རྨ།;རྒྱུ་མའི་ནང་གི་རྨ།
peptic ulcer;རྒྱུ་རྨ།  ;རྒྱུ་མའི་ནང་གི་རྨ།
period;ཟླ་ཁྲག;ཨ་སྲུ་ཚུ་གི་མཚན་མ་ལས་   ཟླ་རིམ་བཞིན་དུ་   རང་བཞིན་གྱིས་
pethidine;ཟུག་འཇམ་སན།;ཨམ་སྲུ་ཨ་ལུ་སྐྱེསཝ་ད་  ཟུག་འཇམ་ི་གི་སན་གག་གི་སན།
phalanges;མཛུབ་མྫོ་རུ་ཏྫོ།;ལག་པའི་མཛུབ་མྫོའི་རུ་ཏྫོ།
phallus;མཇེ།;ཕྫོའི་རྟགས།  དེ་ལུ་ཕྫོ་མཚན་ཟེར་ཡང་སླབ་ཨིན།
pharyngities;ལྐོད་མའི་ནད།;ལྫོ་ལམ་མགུ་ཕྫོག་པའི་ནད་གཞི་སྤྱི་བཏང་།
physic;སན་དཔྱད།;གསྫོ་ སན་གྱི་སས་ཡྫོན། རིག
physical;གཟུགས་ཀྱི།;ཕྱིའི་གཟུགས་ཀྱི་སྐོལ་ལས་སྫོན་པའི་ཁྱད་ཚིག
physiology;གཟུགས་ཁམས་ རིག་པ།;ལུས་ ཁམས་རིག་པ།
physique;གཟུགས་གཞི།;གཟུགས་ཀྱི་ཆགས་བཀོད།
poison;དུག;སྫོག་འཕྫོག་ི་གི་ནུས་པ་ཡྫོད་པའི་ོས།
poisonous;དུག་ཅན།;སྫོག་འཕྫོག་ི་གི་ནུས་པ་ནན་པ།
polio;ར་སྐམ་ནད།;གཟུགས་པར་ི་མེདཔ་བོྫོ་ཚུགས་པའི་ཉེན་ཁ་ཡྫོད་པའི་རའི་ནད་
powder;སན་ཕྱེ།;སན་རུལ་བུ་ཡངན་ཕྫོ་ལེབ་མ་བོྫོ་བར་ཕྱེའི་རང་བཞིན་འབད་ཡྫོད་ པའི་སན་རིགས།
pregnancy;བུ་མཆེདམ།;མངལ་ནང་ཨ་ལུ་ཆགས་ཏེ་ཡྫོད་པའི་གནས་སྐབས།
pregnant;བུ་མཆེདམ།;མངལ་ནང་ཨ་ལུ་ཆགས་ཏེ་ཡྫོད་པའི་གནས་སྐབས།
pregnant;བུ་མཆེདམ། ;མངལ་ནང་ཨ་ལུ་ཆགས་ཏེ་ཡྫོད་པའི་གནས་སྐབས།
premature;མ་རེན་པའི།;ཟླཝ་ ཟླཝ་མ་ཚངམ་ལས་སྐྱེས་ི།
protein;ོས་བཅུད།;གཟུགས་སྫོམ་ི་དང་སྒྲིང་སྒྲི་འབད་བཞག་ི་ལུ་དགོ་པའི་ོས་
psychosis;སེམས་ནད།;སེམས་དང་འབྲེལ་བའི་ན་ཚ།
pubic hair;ཨུབ་སྤུ།;ཕྫོ་མྫོའི་མཚན་མ་སྐོར་ཏེ་སྐྱེས་མི་གི་སྤུ།
pussy;སྟུའི་ཁ།;མྫོ་མཚན་གྱི་ཁ།
pyorrhoea;སྫོའི་ཉིའུ་ནད།;སྫོ་ སྫོའི་ཉིའུ་གུ་ཁྲག་བསག་སྟེ་ན་བའི་ན་ཚ་གག རྙིལ་ནད། ཡ་ཁྲག
squint;མིག་ཏྫོ;སྤྱིར་གཏང་དང་མ་འདྲ་བར་མིག་ཏྫོ་གི་ལ་ཐངས་གཡྫོ་སུ་སྦེ་ཡྫོད་
tallus;རྨིག་ཅུང་།;རྐང་མའི་མིག་ཅུང་ཟེར་  ངར་གདྫོང་དང་རྐང་མའི་མཐུད་མཚམས་ཀྱི་
tegument;པགས་ཀོ།;གཟུགས་ཀྱི་ཡན་ལག་སྫོགས་ཀྱི་ཕྱི་ཁར་ལས་སྤུར་མི།
thirst;སྐོམ་ཚིགས།;ཆུ་འཐུང་དགོ་མནྫོ་བ། ཁ་སྐོམ་པ།
thymion;མམརཔ།;གཟུགས་ཀྱི་པགས་ཀོ་ས་ཀྲག་འགྱོ་སྦེ་གོང་ཏྫོ་རི་རི་སྦེ་སྒོང་སྒོངམ།
thyrocele;ལྦཝ།;ལྐོད་མའི་ནང་ན་  གནྫོད་རྐྱེན་ཕྫོག་སྟེ་སྫོ་བཅུག་ཞིནམ་ལས་  ཨོལ་
tinea;ཤ་བཀྲ།  ཤ་ཁྲ།;གཟུགས་ཀྱི་པགས་ཀོ་གུ་  ཁྲ་བཟུམ་སྦེ་ཐྫོན་པའི་  པགས་ཀོ་གི་ནད་
tobacosis;ཏམ་དུག;ཏམ་ ཁུའི་ན་ཚ།
uvula; ཅུངམ།;ལྐོད་མའི་དྫོང་གི་གདྫོང་ཁ་འཐུའི་ལག་ལས་མར་ཡྫོད་པའི་ལྕེ་ ཆུང་ཀུ།
uvular; ཅུངམ་གི;ལྕེ་ཅུངམ་དང་འབྲེལ་བའི་སྐོར་ལས་སྫོན་པའི་ཁྱད་ཚིག
voice box;སྐྱེ་གནས།;      ་ དེ་ལུ་ གྲེ་ཁུང༌ཟེར་ཡང་སླབ་ཨིན།
water filter;སེལ་ཚགས།;ཆུའི་ནང་ལུ་ཡྫོད་པའི་དྲེག་པ་ཚུ་སེལ་ཚུགས་ིའི་ནུས་པ་ཡྫོད་
worse; དྲགས།;སྤྱིར་བཏང་གི་གནས་སངས་སྐྱོ་སུ་འགྱོ་བ།
zein;ཛིན།;གེ་ོ་ལས་འཐྫོབ་པའི་ོས་བཅུད་པྫོ་རྫོ་ཊིན་གྱི་རིགས་གག
zinc;ཏི་ཚ།;རས་སྦྱྫོར་གྱི་རིགས་གག
zinc;ཏི་ཚ། ;རས་སྦྱྫོར་གྱི་རིགས་གག
zoonoses;ནྫོར་ནད།;མི་ལུ་འབུ་ི་དང་གནྫོད་ི་གི་ཉེན་ཁ་ཡྫོད་པའི་ནྫོར་གྱི་ནད་
zygote;སྫོན་འབས།;ཕྫོ་མྫོ་གཉིས་ཀྱི་སྫོན་གགག་ཁར་སྦྱྫོར་བའི་འབས་བུ།
